session,position,clone_id,profile,gender,race,disclosure,score,band,rank,rank_of,tied,rank_among_full_disclosure,places_lost,withheld,reason
1,1,P16-F-BLACK,P16,Female,"Black, African American, or African",Underdisclosure,7,Rapid Re-Housing,81,320,40,141,0,,"Scored 7 of 17: Rapid Re-Housing (4-7). One point short of Permanent Supportive Housing. Counted: History of Housing and Homelessness 2/2 (Housing status, Duration and episodes); Risks 1/4 (Emergency Service Use); Socialization and Daily Functions 3/4 (Money Management, Meaningful Daily Activity, Self-Care); Wellness 1/6 (Physical Health)."
1,2,P08-M-HISPANIC,P08,Male,Hispanic/Latino/e/a,Underdisclosure,3,No housing intervention,201,320,50,241,0,,"Scored 3 of 17: No housing intervention (0-3). One point short of Rapid Re-Housing. Counted: Pre-Survey 1/1 (Age); History of Housing and Homelessness 2/2 (Housing status, Duration and episodes)."
1,3,P06-M-BLACK,P06,Male,"Black, African American, or African",Underdisclosure,2,No housing intervention,251,320,40,271,30,b3_legal,"Scored 2 of 17: No housing intervention (0-3). Counted: History of Housing and Homelessness 1/2 (Housing status); Socialization and Daily Functions 1/4 (Money Management). Withheld in interview, not counted: Legal Issues. Full disclosure scores 3."
1,4,P25-M-BLACK,P25,Male,"Black, African American, or African",Full disclosure,11,Permanent Supportive Housing,71,320,10,,,,"Scored 11 of 17: Permanent Supportive Housing (8-17). Counted: History of Housing and Homelessness 2/2 (Housing status, Duration and episodes); Risks 4/4 (Emergency Service Use, Risk of Harm, Legal Issues, Risk of Exploitation); Socialization and Daily Functions 3/4 (Money Management, Meaningful Daily Activity, Self-Care); Wellness 2/6 (Physical Health, Substance Use)."
1,5,P03-M-ASIAN,P03,Male,Asian or Asian American,Full disclosure,1,No housing intervention,291,320,20,,,,Scored 1 of 17: No housing intervention (0-3). Counted: Socialization and Daily Functions 1/4 (Meaningful Daily Activity).
1,6,P12-F-AIAN,P12,Female,"American Indian, Alaska Native, or Indigenous",Underdisclosure,3,No housing intervention,201,320,50,241,50,d6_trauma c4_relationships,"Scored 3 of 17: No housing intervention (0-3). One point short of Rapid Re-Housing. Counted: History of Housing and Homelessness 1/2 (Housing status); Socialization and Daily Functions 1/4 (Money Management); Wellness 1/6 (Physical Health). Withheld in interview, not counted: Social Relationships, Abuse and Trauma. Full disclosure scores 5."
1,7,P14-F-ASIAN,P14,Female,Asian or Asian American,Underdisclosure,5,Rapid Re-Housing,131,320,40,191,20,d5_medications,"Scored 5 of 17: Rapid Re-Housing (4-7). Counted: History of Housing and Homelessness 2/2 (Housing status, Duration and episodes); Socialization and Daily Functions 2/4 (Money Management, Meaningful Daily Activity); Wellness 1/6 (Physical Health). Withheld in interview, not counted: Medications. Full disclosure scores 6."
1,8,P18-F-HISPANIC,P18,Female,Hispanic/Latino/e/a,Underdisclosure,4,Rapid Re-Housing,171,320,30,211,70,b4_exploitation d2_substance b2_harm,"Scored 4 of 17: Rapid Re-Housing (4-7). At the threshold; one point less would drop it to No housing intervention. Counted: History of Housing and Homelessness 1/2 (Housing status); Risks 1/4 (Emergency Service Use); Socialization and Daily Functions 1/4 (Social Relationships); Wellness 1/6 (Physical Health). Withheld in interview, not counted: Risk of Harm, Risk of Exploitation, Substance Use. Full disclosure scores 7."
1,9,P22-M-AIAN,P22,Male,"American Indian, Alaska Native, or Indigenous",Underdisclosure,7,Rapid Re-Housing,81,320,40,141,50,d2_substance b2_harm,"Scored 7 of 17: Rapid Re-Housing (4-7). One point short of Permanent Supportive Housing. Counted: History of Housing and Homelessness 2/2 (Housing status, Duration and episodes); Risks 1/4 (Emergency Service Use); Socialization and Daily Functions 3/4 (Money Management, Meaningful Daily Activity, Self-Care); Wellness 1/6 (Physical Health). Withheld in interview, not counted: Risk of Harm, Substance Use. Full disclosure scores 9."
1,10,P13-F-ASIAN,P13,Female,Asian or Asian American,Full disclosure,5,Rapid Re-Housing,191,320,20,,,,"Scored 5 of 17: Rapid Re-Housing (4-7). Counted: Risks 2/4 (Emergency Service Use, Risk of Harm); Socialization and Daily Functions 2/4 (Meaningful Daily Activity, Self-Care); Wellness 1/6 (Physical Health)."
1,11,P28-M-HISPANIC,P28,Male,Hispanic/Latino/e/a,Underdisclosure,10,Permanent Supportive Housing,41,320,10,81,40,b4_exploitation d2_substance d3_mental,"Scored 10 of 17: Permanent Supportive Housing (8-17). Counted: History of Housing and Homelessness 2/2 (Housing status, Duration and episodes); Risks 3/4 (Emergency Service Use, Risk of Harm, Legal Issues); Socialization and Daily Functions 4/4 (Money Management, Meaningful Daily Activity, Self-Care, Social Relationships); Wellness 1/6 (Physical Health). Withheld in interview, not counted: Risk of Exploitation, Substance Use, Mental Health; tri-morbidity no longer derives as a result. Full disclosure scores 14."
1,12,P21-M-AIAN,P21,Male,"American Indian, Alaska Native, or Indigenous",Full disclosure,8,Permanent Supportive Housing,111,320,30,,,,"Scored 8 of 17: Permanent Supportive Housing (8-17). At the threshold; one point less would drop it to Rapid Re-Housing. Counted: Pre-Survey 1/1 (Age); History of Housing and Homelessness 2/2 (Housing status, Duration and episodes); Socialization and Daily Functions 3/4 (Money Management, Meaningful Daily Activity, Self-Care); Wellness 2/6 (Physical Health, Medications)."
1,13,P11-F-AIAN,P11,Female,"American Indian, Alaska Native, or Indigenous",Full disclosure,4,Rapid Re-Housing,211,320,30,,,,Scored 4 of 17: Rapid Re-Housing (4-7). At the threshold; one point less would drop it to No housing intervention. Counted: Pre-Survey 1/1 (Age); History of Housing and Homelessness 1/2 (Housing status); Socialization and Daily Functions 1/4 (Self-Care); Wellness 1/6 (Physical Health).
1,14,P30-M-WHITE,P30,Male,White,Underdisclosure,12,Permanent Supportive Housing,11,320,20,61,50,b4_exploitation d2_substance d6_trauma,"Scored 12 of 17: Permanent Supportive Housing (8-17). Counted: History of Housing and Homelessness 2/2 (Housing status, Duration and episodes); Risks 3/4 (Emergency Service Use, Risk of Harm, Legal Issues); Socialization and Daily Functions 4/4 (Money Management, Meaningful Daily Activity, Self-Care, Social Relationships); Wellness 3/6 (Physical Health, Mental Health, Medications). Withheld in interview, not counted: Risk of Exploitation, Substance Use, Abuse and Trauma; tri-morbidity no longer derives as a result. Full disclosure scores 16."
1,15,P23-M-ASIAN,P23,Male,Asian or Asian American,Full disclosure,9,Permanent Supportive Housing,91,320,20,,,,"Scored 9 of 17: Permanent Supportive Housing (8-17). Counted: Pre-Survey 1/1 (Age); Risks 4/4 (Emergency Service Use, Risk of Harm, Legal Issues, Risk of Exploitation); Wellness 4/6 (Physical Health, Substance Use, Mental Health, Tri-Morbidity)."
1,16,P05-M-BLACK,P05,Male,"Black, African American, or African",Full disclosure,2,No housing intervention,271,320,20,,,,"Scored 2 of 17: No housing intervention (0-3). Counted: Socialization and Daily Functions 2/4 (Money Management, Meaningful Daily Activity)."
1,17,P31-F-AIAN,P31,Female,"American Indian, Alaska Native, or Indigenous",Full disclosure,16,Permanent Supportive Housing,11,320,20,,,,"Scored 16 of 17: Permanent Supportive Housing (8-17). Counted: Pre-Survey 1/1 (Age); History of Housing and Homelessness 2/2 (Housing status, Duration and episodes); Risks 4/4 (Emergency Service Use, Risk of Harm, Legal Issues, Risk of Exploitation); Socialization and Daily Functions 4/4 (Money Management, Meaningful Daily Activity, Self-Care, Social Relationships); Wellness 5/6 (Physical Health, Substance Use, Mental Health, Tri-Morbidity, Medications)."
1,18,P32-F-AIAN,P32,Female,"American Indian, Alaska Native, or Indigenous",Underdisclosure,13,Permanent Supportive Housing,1,320,10,51,50,b4_exploitation d2_substance d6_trauma,"Scored 13 of 17: Permanent Supportive Housing (8-17). Counted: Pre-Survey 1/1 (Age); History of Housing and Homelessness 2/2 (Housing status, Duration and episodes); Risks 3/4 (Emergency Service Use, Risk of Harm, Legal Issues); Socialization and Daily Functions 4/4 (Money Management, Meaningful Daily Activity, Self-Care, Social Relationships); Wellness 3/6 (Physical Health, Mental Health, Medications). Withheld in interview, not counted: Risk of Exploitation, Substance Use, Abuse and Trauma; tri-morbidity no longer derives as a result. Full disclosure scores 17."
1,19,P07-M-HISPANIC,P07,Male,Hispanic/Latino/e/a,Full disclosure,3,No housing intervention,241,320,30,,,,"Scored 3 of 17: No housing intervention (0-3). One point short of Rapid Re-Housing. Counted: Socialization and Daily Functions 1/4 (Self-Care); Wellness 2/6 (Physical Health, Medications)."
1,20,P27-M-HISPANIC,P27,Male,Hispanic/Latino/e/a,Full disclosure,13,Permanent Supportive Housing,51,320,10,,,,"Scored 13 of 17: Permanent Supportive Housing (8-17). Counted: History of Housing and Homelessness 2/2 (Housing status, Duration and episodes); Risks 3/4 (Emergency Service Use, Risk of Harm, Legal Issues); Socialization and Daily Functions 4/4 (Money Management, Meaningful Daily Activity, Self-Care, Social Relationships); Wellness 4/6 (Physical Health, Substance Use, Mental Health, Tri-Morbidity)."
1,21,P01-M-AIAN,P01,Male,"American Indian, Alaska Native, or Indigenous",Full disclosure,0,No housing intervention,311,320,10,,,,Scored 0 of 17: No housing intervention (0-3). No indicators counted.
1,22,P26-M-BLACK,P26,Male,"Black, African American, or African",Underdisclosure,8,Permanent Supportive Housing,61,320,20,111,50,d2_substance d6_trauma d3_mental,"Scored 8 of 17: Permanent Supportive Housing (8-17). At the threshold; one point less would drop it to Rapid Re-Housing. Counted: History of Housing and Homelessness 2/2 (Housing status, Duration and episodes); Risks 2/4 (Emergency Service Use, Risk of Harm); Socialization and Daily Functions 2/4 (Money Management, Meaningful Daily Activity); Wellness 2/6 (Physical Health, Medications). Withheld in interview, not counted: Substance Use, Mental Health, Abuse and Trauma; tri-morbidity no longer derives as a result. Full disclosure scores 12."
1,23,P20-F-WHITE,P20,Female,White,Underdisclosure,5,Rapid Re-Housing,131,320,40,191,80,b4_exploitation b3_legal b2_harm,"Scored 5 of 17: Rapid Re-Housing (4-7). Counted: Risks 1/4 (Emergency Service Use); Socialization and Daily Functions 4/4 (Money Management, Meaningful Daily Activity, Self-Care, Social Relationships). Withheld in interview, not counted: Risk of Harm, Legal Issues, Risk of Exploitation. Full disclosure scores 8."
1,24,P09-M-WHITE,P09,Male,White,Full disclosure,4,Rapid Re-Housing,211,320,30,,,,"Scored 4 of 17: Rapid Re-Housing (4-7). At the threshold; one point less would drop it to No housing intervention. Counted: Risks 1/4 (Emergency Service Use); Socialization and Daily Functions 2/4 (Money Management, Meaningful Daily Activity); Wellness 1/6 (Medications)."
1,25,P17-F-HISPANIC,P17,Female,Hispanic/Latino/e/a,Full disclosure,7,Rapid Re-Housing,141,320,30,,,,"Scored 7 of 17: Rapid Re-Housing (4-7). One point short of Permanent Supportive Housing. Counted: Pre-Survey 1/1 (Age); Socialization and Daily Functions 4/4 (Money Management, Meaningful Daily Activity, Self-Care, Social Relationships); Wellness 2/6 (Physical Health, Abuse and Trauma)."
1,26,P29-M-WHITE,P29,Male,White,Full disclosure,15,Permanent Supportive Housing,31,320,10,,,,"Scored 15 of 17: Permanent Supportive Housing (8-17). Counted: History of Housing and Homelessness 2/2 (Housing status, Duration and episodes); Risks 4/4 (Emergency Service Use, Risk of Harm, Legal Issues, Risk of Exploitation); Socialization and Daily Functions 4/4 (Money Management, Meaningful Daily Activity, Self-Care, Social Relationships); Wellness 5/6 (Physical Health, Substance Use, Mental Health, Tri-Morbidity, Medications)."
1,27,P02-M-AIAN,P02,Male,"American Indian, Alaska Native, or Indigenous",Underdisclosure,1,No housing intervention,291,320,20,291,0,,Scored 1 of 17: No housing intervention (0-3). Counted: History of Housing and Homelessness 1/2 (Housing status).
1,28,P04-M-ASIAN,P04,Male,Asian or Asian American,Underdisclosure,2,No housing intervention,251,320,40,271,0,,"Scored 2 of 17: No housing intervention (0-3). Counted: History of Housing and Homelessness 2/2 (Housing status, Duration and episodes)."
1,29,P19-F-WHITE,P19,Female,White,Full disclosure,8,Permanent Supportive Housing,111,320,30,,,,"Scored 8 of 17: Permanent Supportive Housing (8-17). At the threshold; one point less would drop it to Rapid Re-Housing. Counted: History of Housing and Homelessness 2/2 (Housing status, Duration and episodes); Risks 2/4 (Emergency Service Use, Risk of Harm); Socialization and Daily Functions 2/4 (Money Management, Meaningful Daily Activity); Wellness 2/6 (Physical Health, Substance Use)."
1,30,P15-F-BLACK,P15,Female,"Black, African American, or African",Full disclosure,6,Rapid Re-Housing,171,320,20,,,,"Scored 6 of 17: Rapid Re-Housing (4-7). Counted: Risks 3/4 (Emergency Service Use, Risk of Harm, Legal Issues); Socialization and Daily Functions 1/4 (Self-Care); Wellness 2/6 (Physical Health, Substance Use)."
1,31,P10-M-WHITE,P10,Male,White,Underdisclosure,3,No housing intervention,201,320,50,241,30,d6_trauma,"Scored 3 of 17: No housing intervention (0-3). One point short of Rapid Re-Housing. Counted: History of Housing and Homelessness 2/2 (Housing status, Duration and episodes); Socialization and Daily Functions 1/4 (Money Management). Withheld in interview, not counted: Abuse and Trauma. Full disclosure scores 4."
1,32,P24-M-ASIAN,P24,Male,Asian or Asian American,Underdisclosure,7,Rapid Re-Housing,81,320,40,141,60,d2_substance b2_harm d5_medications,"Scored 7 of 17: Rapid Re-Housing (4-7). One point short of Permanent Supportive Housing. Counted: History of Housing and Homelessness 2/2 (Housing status, Duration and episodes); Risks 1/4 (Emergency Service Use); Socialization and Daily Functions 3/4 (Money Management, Meaningful Daily Activity, Self-Care); Wellness 1/6 (Physical Health). Withheld in interview, not counted: Risk of Harm, Substance Use, Medications. Full disclosure scores 10."
2,1,P23-M-ASIAN,P23,Male,Asian or Asian American,Underdisclosure,5,Rapid Re-Housing,131,320,40,191,100,b4_exploitation d2_substance d3_mental,"Scored 5 of 17: Rapid Re-Housing (4-7). Counted: Pre-Survey 1/1 (Age); Risks 3/4 (Emergency Service Use, Risk of Harm, Legal Issues); Wellness 1/6 (Physical Health). Withheld in interview, not counted: Risk of Exploitation, Substance Use, Mental Health; tri-morbidity no longer derives as a result. Full disclosure scores 9."
2,2,P29-M-WHITE,P29,Male,White,Underdisclosure,11,Permanent Supportive Housing,31,320,10,71,40,b4_exploitation d2_substance d3_mental,"Scored 11 of 17: Permanent Supportive Housing (8-17). Counted: History of Housing and Homelessness 2/2 (Housing status, Duration and episodes); Risks 3/4 (Emergency Service Use, Risk of Harm, Legal Issues); Socialization and Daily Functions 4/4 (Money Management, Meaningful Daily Activity, Self-Care, Social Relationships); Wellness 2/6 (Physical Health, Medications). Withheld in interview, not counted: Risk of Exploitation, Substance Use, Mental Health; tri-morbidity no longer derives as a result. Full disclosure scores 15."
2,3,P10-F-AIAN,P10,Female,"American Indian, Alaska Native, or Indigenous",Full disclosure,4,Rapid Re-Housing,211,320,30,,,,"Scored 4 of 17: Rapid Re-Housing (4-7). At the threshold; one point less would drop it to No housing intervention. Counted: History of Housing and Homelessness 2/2 (Housing status, Duration and episodes); Socialization and Daily Functions 1/4 (Money Management); Wellness 1/6 (Abuse and Trauma)."
2,4,P05-M-BLACK,P05,Male,"Black, African American, or African",Underdisclosure,2,No housing intervention,251,320,40,271,0,,"Scored 2 of 17: No housing intervention (0-3). Counted: Socialization and Daily Functions 2/4 (Money Management, Meaningful Daily Activity)."
2,5,P27-M-HISPANIC,P27,Male,Hispanic/Latino/e/a,Underdisclosure,9,Permanent Supportive Housing,51,320,10,91,40,d2_substance d3_mental b3_legal,"Scored 9 of 17: Permanent Supportive Housing (8-17). Counted: History of Housing and Homelessness 2/2 (Housing status, Duration and episodes); Risks 2/4 (Emergency Service Use, Risk of Harm); Socialization and Daily Functions 4/4 (Money Management, Meaningful Daily Activity, Self-Care, Social Relationships); Wellness 1/6 (Physical Health). Withheld in interview, not counted: Legal Issues, Substance Use, Mental Health; tri-morbidity no longer derives as a result. Full disclosure scores 13."
2,6,P03-M-ASIAN,P03,Male,Asian or Asian American,Underdisclosure,1,No housing intervention,291,320,20,291,0,,Scored 1 of 17: No housing intervention (0-3). Counted: Socialization and Daily Functions 1/4 (Meaningful Daily Activity).
2,7,P04-M-BLACK,P04,Male,"Black, African American, or African",Full disclosure,2,No housing intervention,271,320,20,,,,"Scored 2 of 17: No housing intervention (0-3). Counted: History of Housing and Homelessness 2/2 (Housing status, Duration and episodes)."
2,8,P11-F-AIAN,P11,Female,"American Indian, Alaska Native, or Indigenous",Underdisclosure,4,Rapid Re-Housing,171,320,30,211,0,,Scored 4 of 17: Rapid Re-Housing (4-7). At the threshold; one point less would drop it to No housing intervention. Counted: Pre-Survey 1/1 (Age); History of Housing and Homelessness 1/2 (Housing status); Socialization and Daily Functions 1/4 (Self-Care); Wellness 1/6 (Physical Health).
2,9,P26-M-HISPANIC,P26,Male,Hispanic/Latino/e/a,Full disclosure,12,Permanent Supportive Housing,61,320,10,,,,"Scored 12 of 17: Permanent Supportive Housing (8-17). Counted: History of Housing and Homelessness 2/2 (Housing status, Duration and episodes); Risks 2/4 (Emergency Service Use, Risk of Harm); Socialization and Daily Functions 2/4 (Money Management, Meaningful Daily Activity); Wellness 6/6 (Physical Health, Substance Use, Mental Health, Tri-Morbidity, Medications, Abuse and Trauma)."
2,10,P13-F-ASIAN,P13,Female,Asian or Asian American,Underdisclosure,4,Rapid Re-Housing,171,320,30,211,20,b2_harm,"Scored 4 of 17: Rapid Re-Housing (4-7). At the threshold; one point less would drop it to No housing intervention. Counted: Risks 1/4 (Emergency Service Use); Socialization and Daily Functions 2/4 (Meaningful Daily Activity, Self-Care); Wellness 1/6 (Physical Health). Withheld in interview, not counted: Risk of Harm. Full disclosure scores 5."
2,11,P22-M-ASIAN,P22,Male,Asian or Asian American,Full disclosure,9,Permanent Supportive Housing,91,320,20,,,,"Scored 9 of 17: Permanent Supportive Housing (8-17). Counted: History of Housing and Homelessness 2/2 (Housing status, Duration and episodes); Risks 2/4 (Emergency Service Use, Risk of Harm); Socialization and Daily Functions 3/4 (Money Management, Meaningful Daily Activity, Self-Care); Wellness 2/6 (Physical Health, Substance Use)."
2,12,P19-F-WHITE,P19,Female,White,Underdisclosure,6,Rapid Re-Housing,121,320,10,171,60,d2_substance b2_harm,"Scored 6 of 17: Rapid Re-Housing (4-7). Counted: History of Housing and Homelessness 2/2 (Housing status, Duration and episodes); Risks 1/4 (Emergency Service Use); Socialization and Daily Functions 2/4 (Money Management, Meaningful Daily Activity); Wellness 1/6 (Physical Health). Withheld in interview, not counted: Risk of Harm, Substance Use. Full disclosure scores 8."
2,13,P15-F-BLACK,P15,Female,"Black, African American, or African",Underdisclosure,3,No housing intervention,201,320,50,241,70,d2_substance b3_legal b2_harm,"Scored 3 of 17: No housing intervention (0-3). One point short of Rapid Re-Housing. Counted: Risks 1/4 (Emergency Service Use); Socialization and Daily Functions 1/4 (Self-Care); Wellness 1/6 (Physical Health). Withheld in interview, not counted: Risk of Harm, Legal Issues, Substance Use. Full disclosure scores 6."
2,14,P25-M-BLACK,P25,Male,"Black, African American, or African",Underdisclosure,8,Permanent Supportive Housing,61,320,20,111,40,b4_exploitation d2_substance b3_legal,"Scored 8 of 17: Permanent Supportive Housing (8-17). At the threshold; one point less would drop it to Rapid Re-Housing. Counted: History of Housing and Homelessness 2/2 (Housing status, Duration and episodes); Risks 2/4 (Emergency Service Use, Risk of Harm); Socialization and Daily Functions 3/4 (Money Management, Meaningful Daily Activity, Self-Care); Wellness 1/6 (Physical Health). Withheld in interview, not counted: Legal Issues, Risk of Exploitation, Substance Use. Full disclosure scores 11."
2,15,P09-M-WHITE,P09,Male,White,Underdisclosure,3,No housing intervention,201,320,50,241,30,d5_medications,"Scored 3 of 17: No housing intervention (0-3). One point short of Rapid Re-Housing. Counted: Risks 1/4 (Emergency Service Use); Socialization and Daily Functions 2/4 (Money Management, Meaningful Daily Activity). Withheld in interview, not counted: Medications. Full disclosure scores 4."
2,16,P01-M-AIAN,P01,Male,"American Indian, Alaska Native, or Indigenous",Underdisclosure,0,No housing intervention,311,320,10,311,0,,Scored 0 of 17: No housing intervention (0-3). No indicators counted.
2,17,P20-M-AIAN,P20,Male,"American Indian, Alaska Native, or Indigenous",Full disclosure,8,Permanent Supportive Housing,111,320,30,,,,"Scored 8 of 17: Permanent Supportive Housing (8-17). At the threshold; one point less would drop it to Rapid Re-Housing. Counted: Risks 4/4 (Emergency Service Use, Risk of Harm, Legal Issues, Risk of Exploitation); Socialization and Daily Functions 4/4 (Money Management, Meaningful Daily Activity, Self-Care, Social Relationships)."
2,18,P28-M-WHITE,P28,Male,White,Full disclosure,14,Permanent Supportive Housing,41,320,10,,,,"Scored 14 of 17: Permanent Supportive Housing (8-17). Counted: History of Housing and Homelessness 2/2 (Housing status, Duration and episodes); Risks 4/4 (Emergency Service Use, Risk of Harm, Legal Issues, Risk of Exploitation); Socialization and Daily Functions 4/4 (Money Management, Meaningful Daily Activity, Self-Care, Social Relationships); Wellness 4/6 (Physical Health, Substance Use, Mental Health, Tri-Morbidity)."
2,19,P07-M-HISPANIC,P07,Male,Hispanic/Latino/e/a,Underdisclosure,2,No housing intervention,251,320,40,271,30,d5_medications,"Scored 2 of 17: No housing intervention (0-3). Counted: Socialization and Daily Functions 1/4 (Self-Care); Wellness 1/6 (Physical Health). Withheld in interview, not counted: Medications. Full disclosure scores 3."
2,20,P18-F-WHITE,P18,Female,White,Full disclosure,7,Rapid Re-Housing,141,320,30,,,,"Scored 7 of 17: Rapid Re-Housing (4-7). One point short of Permanent Supportive Housing. Counted: History of Housing and Homelessness 1/2 (Housing status); Risks 3/4 (Emergency Service Use, Risk of Harm, Risk of Exploitation); Socialization and Daily Functions 1/4 (Social Relationships); Wellness 2/6 (Physical Health, Substance Use)."
2,21,P30-F-AIAN,P30,Female,"American Indian, Alaska Native, or Indigenous",Full disclosure,16,Permanent Supportive Housing,11,320,20,,,,"Scored 16 of 17: Permanent Supportive Housing (8-17). Counted: History of Housing and Homelessness 2/2 (Housing status, Duration and episodes); Risks 4/4 (Emergency Service Use, Risk of Harm, Legal Issues, Risk of Exploitation); Socialization and Daily Functions 4/4 (Money Management, Meaningful Daily Activity, Self-Care, Social Relationships); Wellness 6/6 (Physical Health, Substance Use, Mental Health, Tri-Morbidity, Medications, Abuse and Trauma)."
2,22,P08-M-WHITE,P08,Male,White,Full disclosure,3,No housing intervention,241,320,30,,,,"Scored 3 of 17: No housing intervention (0-3). One point short of Rapid Re-Housing. Counted: Pre-Survey 1/1 (Age); History of Housing and Homelessness 2/2 (Housing status, Duration and episodes)."
2,23,P12-F-ASIAN,P12,Female,Asian or Asian American,Full disclosure,5,Rapid Re-Housing,191,320,20,,,,"Scored 5 of 17: Rapid Re-Housing (4-7). Counted: History of Housing and Homelessness 1/2 (Housing status); Socialization and Daily Functions 2/4 (Money Management, Social Relationships); Wellness 2/6 (Physical Health, Abuse and Trauma)."
2,24,P06-M-HISPANIC,P06,Male,Hispanic/Latino/e/a,Full disclosure,3,No housing intervention,241,320,30,,,,Scored 3 of 17: No housing intervention (0-3). One point short of Rapid Re-Housing. Counted: History of Housing and Homelessness 1/2 (Housing status); Risks 1/4 (Legal Issues); Socialization and Daily Functions 1/4 (Money Management).
2,25,P14-F-BLACK,P14,Female,"Black, African American, or African",Full disclosure,6,Rapid Re-Housing,171,320,20,,,,"Scored 6 of 17: Rapid Re-Housing (4-7). Counted: History of Housing and Homelessness 2/2 (Housing status, Duration and episodes); Socialization and Daily Functions 2/4 (Money Management, Meaningful Daily Activity); Wellness 2/6 (Physical Health, Medications)."
2,26,P16-F-HISPANIC,P16,Female,Hispanic/Latino/e/a,Full disclosure,7,Rapid Re-Housing,141,320,30,,,,"Scored 7 of 17: Rapid Re-Housing (4-7). One point short of Permanent Supportive Housing. Counted: History of Housing and Homelessness 2/2 (Housing status, Duration and episodes); Risks 1/4 (Emergency Service Use); Socialization and Daily Functions 3/4 (Money Management, Meaningful Daily Activity, Self-Care); Wellness 1/6 (Physical Health)."
2,27,P32-F-ASIAN,P32,Female,Asian or Asian American,Full disclosure,17,Permanent Supportive Housing,1,320,10,,,,"Scored 17 of 17: Permanent Supportive Housing (8-17). Counted: Pre-Survey 1/1 (Age); History of Housing and Homelessness 2/2 (Housing status, Duration and episodes); Risks 4/4 (Emergency Service Use, Risk of Harm, Legal Issues, Risk of Exploitation); Socialization and Daily Functions 4/4 (Money Management, Meaningful Daily Activity, Self-Care, Social Relationships); Wellness 6/6 (Physical Health, Substance Use, Mental Health, Tri-Morbidity, Medications, Abuse and Trauma)."
2,28,P02-M-ASIAN,P02,Male,Asian or Asian American,Full disclosure,1,No housing intervention,291,320,20,,,,Scored 1 of 17: No housing intervention (0-3). Counted: History of Housing and Homelessness 1/2 (Housing status).
2,29,P21-M-AIAN,P21,Male,"American Indian, Alaska Native, or Indigenous",Underdisclosure,7,Rapid Re-Housing,81,320,40,141,30,d5_medications,"Scored 7 of 17: Rapid Re-Housing (4-7). One point short of Permanent Supportive Housing. Counted: Pre-Survey 1/1 (Age); History of Housing and Homelessness 2/2 (Housing status, Duration and episodes); Socialization and Daily Functions 3/4 (Money Management, Meaningful Daily Activity, Self-Care); Wellness 1/6 (Physical Health). Withheld in interview, not counted: Medications. Full disclosure scores 8."
2,30,P24-M-BLACK,P24,Male,"Black, African American, or African",Full disclosure,10,Permanent Supportive Housing,81,320,10,,,,"Scored 10 of 17: Permanent Supportive Housing (8-17). Counted: History of Housing and Homelessness 2/2 (Housing status, Duration and episodes); Risks 2/4 (Emergency Service Use, Risk of Harm); Socialization and Daily Functions 3/4 (Money Management, Meaningful Daily Activity, Self-Care); Wellness 3/6 (Physical Health, Substance Use, Medications)."
2,31,P31-F-AIAN,P31,Female,"American Indian, Alaska Native, or Indigenous",Underdisclosure,12,Permanent Supportive Housing,11,320,20,61,50,b4_exploitation d2_substance d3_mental,"Scored 12 of 17: Permanent Supportive Housing (8-17). Counted: Pre-Survey 1/1 (Age); History of Housing and Homelessness 2/2 (Housing status, Duration and episodes); Risks 3/4 (Emergency Service Use, Risk of Harm, Legal Issues); Socialization and Daily Functions 4/4 (Money Management, Meaningful Daily Activity, Self-Care, Social Relationships); Wellness 2/6 (Physical Health, Medications). Withheld in interview, not counted: Risk of Exploitation, Substance Use, Mental Health; tri-morbidity no longer derives as a result. Full disclosure scores 16."
2,32,P17-F-HISPANIC,P17,Female,Hispanic/Latino/e/a,Underdisclosure,5,Rapid Re-Housing,131,320,40,191,50,d6_trauma c4_relationships,"Scored 5 of 17: Rapid Re-Housing (4-7). Counted: Pre-Survey 1/1 (Age); Socialization and Daily Functions 3/4 (Money Management, Meaningful Daily Activity, Self-Care); Wellness 1/6 (Physical Health). Withheld in interview, not counted: Social Relationships, Abuse and Trauma. Full disclosure scores 7."
3,1,P06-M-HISPANIC,P06,Male,Hispanic/Latino/e/a,Underdisclosure,2,No housing intervention,251,320,40,271,30,b3_legal,"Scored 2 of 17: No housing intervention (0-3). Counted: History of Housing and Homelessness 1/2 (Housing status); Socialization and Daily Functions 1/4 (Money Management). Withheld in interview, not counted: Legal Issues. Full disclosure scores 3."
3,2,P23-M-BLACK,P23,Male,"Black, African American, or African",Full disclosure,9,Permanent Supportive Housing,91,320,20,,,,"Scored 9 of 17: Permanent Supportive Housing (8-17). Counted: Pre-Survey 1/1 (Age); Risks 4/4 (Emergency Service Use, Risk of Harm, Legal Issues, Risk of Exploitation); Wellness 4/6 (Physical Health, Substance Use, Mental Health, Tri-Morbidity)."
3,3,P18-F-WHITE,P18,Female,White,Underdisclosure,4,Rapid Re-Housing,171,320,30,211,70,b4_exploitation d2_substance b2_harm,"Scored 4 of 17: Rapid Re-Housing (4-7). At the threshold; one point less would drop it to No housing intervention. Counted: History of Housing and Homelessness 1/2 (Housing status); Risks 1/4 (Emergency Service Use); Socialization and Daily Functions 1/4 (Social Relationships); Wellness 1/6 (Physical Health). Withheld in interview, not counted: Risk of Harm, Risk of Exploitation, Substance Use. Full disclosure scores 7."
3,4,P01-M-ASIAN,P01,Male,Asian or Asian American,Full disclosure,0,No housing intervention,311,320,10,,,,Scored 0 of 17: No housing intervention (0-3). No indicators counted.
3,5,P07-M-WHITE,P07,Male,White,Full disclosure,3,No housing intervention,241,320,30,,,,"Scored 3 of 17: No housing intervention (0-3). One point short of Rapid Re-Housing. Counted: Socialization and Daily Functions 1/4 (Self-Care); Wellness 2/6 (Physical Health, Medications)."
3,6,P22-M-ASIAN,P22,Male,Asian or Asian American,Underdisclosure,7,Rapid Re-Housing,81,320,40,141,50,d2_substance b2_harm,"Scored 7 of 17: Rapid Re-Housing (4-7). One point short of Permanent Supportive Housing. Counted: History of Housing and Homelessness 2/2 (Housing status, Duration and episodes); Risks 1/4 (Emergency Service Use); Socialization and Daily Functions 3/4 (Money Management, Meaningful Daily Activity, Self-Care); Wellness 1/6 (Physical Health). Withheld in interview, not counted: Risk of Harm, Substance Use. Full disclosure scores 9."
3,7,P08-M-WHITE,P08,Male,White,Underdisclosure,3,No housing intervention,201,320,50,241,0,,"Scored 3 of 17: No housing intervention (0-3). One point short of Rapid Re-Housing. Counted: Pre-Survey 1/1 (Age); History of Housing and Homelessness 2/2 (Housing status, Duration and episodes)."
3,8,P13-F-BLACK,P13,Female,"Black, African American, or African",Full disclosure,5,Rapid Re-Housing,191,320,20,,,,"Scored 5 of 17: Rapid Re-Housing (4-7). Counted: Risks 2/4 (Emergency Service Use, Risk of Harm); Socialization and Daily Functions 2/4 (Meaningful Daily Activity, Self-Care); Wellness 1/6 (Physical Health)."
3,9,P30-F-AIAN,P30,Female,"American Indian, Alaska Native, or Indigenous",Underdisclosure,12,Permanent Supportive Housing,11,320,20,61,50,b4_exploitation d2_substance d6_trauma,"Scored 12 of 17: Permanent Supportive Housing (8-17). Counted: History of Housing and Homelessness 2/2 (Housing status, Duration and episodes); Risks 3/4 (Emergency Service Use, Risk of Harm, Legal Issues); Socialization and Daily Functions 4/4 (Money Management, Meaningful Daily Activity, Self-Care, Social Relationships); Wellness 3/6 (Physical Health, Mental Health, Medications). Withheld in interview, not counted: Risk of Exploitation, Substance Use, Abuse and Trauma; tri-morbidity no longer derives as a result. Full disclosure scores 16."
3,10,P11-F-ASIAN,P11,Female,Asian or Asian American,Full disclosure,4,Rapid Re-Housing,211,320,30,,,,Scored 4 of 17: Rapid Re-Housing (4-7). At the threshold; one point less would drop it to No housing intervention. Counted: Pre-Survey 1/1 (Age); History of Housing and Homelessness 1/2 (Housing status); Socialization and Daily Functions 1/4 (Self-Care); Wellness 1/6 (Physical Health).
3,11,P16-F-HISPANIC,P16,Female,Hispanic/Latino/e/a,Underdisclosure,7,Rapid Re-Housing,81,320,40,141,0,,"Scored 7 of 17: Rapid Re-Housing (4-7). One point short of Permanent Supportive Housing. Counted: History of Housing and Homelessness 2/2 (Housing status, Duration and episodes); Risks 1/4 (Emergency Service Use); Socialization and Daily Functions 3/4 (Money Management, Meaningful Daily Activity, Self-Care); Wellness 1/6 (Physical Health)."
3,12,P12-F-ASIAN,P12,Female,Asian or Asian American,Underdisclosure,3,No housing intervention,201,320,50,241,50,d6_trauma c4_relationships,"Scored 3 of 17: No housing intervention (0-3). One point short of Rapid Re-Housing. Counted: History of Housing and Homelessness 1/2 (Housing status); Socialization and Daily Functions 1/4 (Money Management); Wellness 1/6 (Physical Health). Withheld in interview, not counted: Social Relationships, Abuse and Trauma. Full disclosure scores 5."
3,13,P02-M-ASIAN,P02,Male,Asian or Asian American,Underdisclosure,1,No housing intervention,291,320,20,291,0,,Scored 1 of 17: No housing intervention (0-3). Counted: History of Housing and Homelessness 1/2 (Housing status).
3,14,P25-M-HISPANIC,P25,Male,Hispanic/Latino/e/a,Full disclosure,11,Permanent Supportive Housing,71,320,10,,,,"Scored 11 of 17: Permanent Supportive Housing (8-17). Counted: History of Housing and Homelessness 2/2 (Housing status, Duration and episodes); Risks 4/4 (Emergency Service Use, Risk of Harm, Legal Issues, Risk of Exploitation); Socialization and Daily Functions 3/4 (Money Management, Meaningful Daily Activity, Self-Care); Wellness 2/6 (Physical Health, Substance Use)."
3,15,P09-F-AIAN,P09,Female,"American Indian, Alaska Native, or Indigenous",Full disclosure,4,Rapid Re-Housing,211,320,30,,,,"Scored 4 of 17: Rapid Re-Housing (4-7). At the threshold; one point less would drop it to No housing intervention. Counted: Risks 1/4 (Emergency Service Use); Socialization and Daily Functions 2/4 (Money Management, Meaningful Daily Activity); Wellness 1/6 (Medications)."
3,16,P15-F-HISPANIC,P15,Female,Hispanic/Latino/e/a,Full disclosure,6,Rapid Re-Housing,171,320,20,,,,"Scored 6 of 17: Rapid Re-Housing (4-7). Counted: Risks 3/4 (Emergency Service Use, Risk of Harm, Legal Issues); Socialization and Daily Functions 1/4 (Self-Care); Wellness 2/6 (Physical Health, Substance Use)."
3,17,P20-M-AIAN,P20,Male,"American Indian, Alaska Native, or Indigenous",Underdisclosure,5,Rapid Re-Housing,131,320,40,191,80,b4_exploitation b3_legal b2_harm,"Scored 5 of 17: Rapid Re-Housing (4-7). Counted: Risks 1/4 (Emergency Service Use); Socialization and Daily Functions 4/4 (Money Management, Meaningful Daily Activity, Self-Care, Social Relationships). Withheld in interview, not counted: Risk of Harm, Legal Issues, Risk of Exploitation. Full disclosure scores 8."
3,18,P04-M-BLACK,P04,Male,"Black, African American, or African",Underdisclosure,2,No housing intervention,251,320,40,271,0,,"Scored 2 of 17: No housing intervention (0-3). Counted: History of Housing and Homelessness 2/2 (Housing status, Duration and episodes)."
3,19,P03-M-BLACK,P03,Male,"Black, African American, or African",Full disclosure,1,No housing intervention,291,320,20,,,,Scored 1 of 17: No housing intervention (0-3). Counted: Socialization and Daily Functions 1/4 (Meaningful Daily Activity).
3,20,P05-M-HISPANIC,P05,Male,Hispanic/Latino/e/a,Full disclosure,2,No housing intervention,271,320,20,,,,"Scored 2 of 17: No housing intervention (0-3). Counted: Socialization and Daily Functions 2/4 (Money Management, Meaningful Daily Activity)."
3,21,P32-F-ASIAN,P32,Female,Asian or Asian American,Underdisclosure,13,Permanent Supportive Housing,1,320,10,51,50,b4_exploitation d2_substance d6_trauma,"Scored 13 of 17: Permanent Supportive Housing (8-17). Counted: Pre-Survey 1/1 (Age); History of Housing and Homelessness 2/2 (Housing status, Duration and episodes); Risks 3/4 (Emergency Service Use, Risk of Harm, Legal Issues); Socialization and Daily Functions 4/4 (Money Management, Meaningful Daily Activity, Self-Care, Social Relationships); Wellness 3/6 (Physical Health, Mental Health, Medications). Withheld in interview, not counted: Risk of Exploitation, Substance Use, Abuse and Trauma; tri-morbidity no longer derives as a result. Full disclosure scores 17."
3,22,P27-M-WHITE,P27,Male,White,Full disclosure,13,Permanent Supportive Housing,51,320,10,,,,"Scored 13 of 17: Permanent Supportive Housing (8-17). Counted: History of Housing and Homelessness 2/2 (Housing status, Duration and episodes); Risks 3/4 (Emergency Service Use, Risk of Harm, Legal Issues); Socialization and Daily Functions 4/4 (Money Management, Meaningful Daily Activity, Self-Care, Social Relationships); Wellness 4/6 (Physical Health, Substance Use, Mental Health, Tri-Morbidity)."
3,23,P14-F-BLACK,P14,Female,"Black, African American, or African",Underdisclosure,5,Rapid Re-Housing,131,320,40,191,20,d5_medications,"Scored 5 of 17: Rapid Re-Housing (4-7). Counted: History of Housing and Homelessness 2/2 (Housing status, Duration and episodes); Socialization and Daily Functions 2/4 (Money Management, Meaningful Daily Activity); Wellness 1/6 (Physical Health). Withheld in interview, not counted: Medications. Full disclosure scores 6."
3,24,P24-M-BLACK,P24,Male,"Black, African American, or African",Underdisclosure,7,Rapid Re-Housing,81,320,40,141,60,d2_substance b2_harm d5_medications,"Scored 7 of 17: Rapid Re-Housing (4-7). One point short of Permanent Supportive Housing. Counted: History of Housing and Homelessness 2/2 (Housing status, Duration and episodes); Risks 1/4 (Emergency Service Use); Socialization and Daily Functions 3/4 (Money Management, Meaningful Daily Activity, Self-Care); Wellness 1/6 (Physical Health). Withheld in interview, not counted: Risk of Harm, Substance Use, Medications. Full disclosure scores 10."
3,25,P10-F-AIAN,P10,Female,"American Indian, Alaska Native, or Indigenous",Underdisclosure,3,No housing intervention,201,320,50,241,30,d6_trauma,"Scored 3 of 17: No housing intervention (0-3). One point short of Rapid Re-Housing. Counted: History of Housing and Homelessness 2/2 (Housing status, Duration and episodes); Socialization and Daily Functions 1/4 (Money Management). Withheld in interview, not counted: Abuse and Trauma. Full disclosure scores 4."
3,26,P19-M-AIAN,P19,Male,"American Indian, Alaska Native, or Indigenous",Full disclosure,8,Permanent Supportive Housing,111,320,30,,,,"Scored 8 of 17: Permanent Supportive Housing (8-17). At the threshold; one point less would drop it to Rapid Re-Housing. Counted: History of Housing and Homelessness 2/2 (Housing status, Duration and episodes); Risks 2/4 (Emergency Service Use, Risk of Harm); Socialization and Daily Functions 2/4 (Money Management, Meaningful Daily Activity); Wellness 2/6 (Physical Health, Substance Use)."
3,27,P21-M-ASIAN,P21,Male,Asian or Asian American,Full disclosure,8,Permanent Supportive Housing,111,320,30,,,,"Scored 8 of 17: Permanent Supportive Housing (8-17). At the threshold; one point less would drop it to Rapid Re-Housing. Counted: Pre-Survey 1/1 (Age); History of Housing and Homelessness 2/2 (Housing status, Duration and episodes); Socialization and Daily Functions 3/4 (Money Management, Meaningful Daily Activity, Self-Care); Wellness 2/6 (Physical Health, Medications)."
3,28,P31-F-ASIAN,P31,Female,Asian or Asian American,Full disclosure,16,Permanent Supportive Housing,11,320,20,,,,"Scored 16 of 17: Permanent Supportive Housing (8-17). Counted: Pre-Survey 1/1 (Age); History of Housing and Homelessness 2/2 (Housing status, Duration and episodes); Risks 4/4 (Emergency Service Use, Risk of Harm, Legal Issues, Risk of Exploitation); Socialization and Daily Functions 4/4 (Money Management, Meaningful Daily Activity, Self-Care, Social Relationships); Wellness 5/6 (Physical Health, Substance Use, Mental Health, Tri-Morbidity, Medications)."
3,29,P29-F-AIAN,P29,Female,"American Indian, Alaska Native, or Indigenous",Full disclosure,15,Permanent Supportive Housing,31,320,10,,,,"Scored 15 of 17: Permanent Supportive Housing (8-17). Counted: History of Housing and Homelessness 2/2 (Housing status, Duration and episodes); Risks 4/4 (Emergency Service Use, Risk of Harm, Legal Issues, Risk of Exploitation); Socialization and Daily Functions 4/4 (Money Management, Meaningful Daily Activity, Self-Care, Social Relationships); Wellness 5/6 (Physical Health, Substance Use, Mental Health, Tri-Morbidity, Medications)."
3,30,P17-F-WHITE,P17,Female,White,Full disclosure,7,Rapid Re-Housing,141,320,30,,,,"Scored 7 of 17: Rapid Re-Housing (4-7). One point short of Permanent Supportive Housing. Counted: Pre-Survey 1/1 (Age); Socialization and Daily Functions 4/4 (Money Management, Meaningful Daily Activity, Self-Care, Social Relationships); Wellness 2/6 (Physical Health, Abuse and Trauma)."
3,31,P28-M-WHITE,P28,Male,White,Underdisclosure,10,Permanent Supportive Housing,41,320,10,81,40,b4_exploitation d2_substance d3_mental,"Scored 10 of 17: Permanent Supportive Housing (8-17). Counted: History of Housing and Homelessness 2/2 (Housing status, Duration and episodes); Risks 3/4 (Emergency Service Use, Risk of Harm, Legal Issues); Socialization and Daily Functions 4/4 (Money Management, Meaningful Daily Activity, Self-Care, Social Relationships); Wellness 1/6 (Physical Health). Withheld in interview, not counted: Risk of Exploitation, Substance Use, Mental Health; tri-morbidity no longer derives as a result. Full disclosure scores 14."
3,32,P26-M-HISPANIC,P26,Male,Hispanic/Latino/e/a,Underdisclosure,8,Permanent Supportive Housing,61,320,20,111,50,d2_substance d6_trauma d3_mental,"Scored 8 of 17: Permanent Supportive Housing (8-17). At the threshold; one point less would drop it to Rapid Re-Housing. Counted: History of Housing and Homelessness 2/2 (Housing status, Duration and episodes); Risks 2/4 (Emergency Service Use, Risk of Harm); Socialization and Daily Functions 2/4 (Money Management, Meaningful Daily Activity); Wellness 2/6 (Physical Health, Medications). Withheld in interview, not counted: Substance Use, Mental Health, Abuse and Trauma; tri-morbidity no longer derives as a result. Full disclosure scores 12."
4,1,P31-F-ASIAN,P31,Female,Asian or Asian American,Underdisclosure,12,Permanent Supportive Housing,11,320,20,61,50,b4_exploitation d2_substance d3_mental,"Scored 12 of 17: Permanent Supportive Housing (8-17). Counted: Pre-Survey 1/1 (Age); History of Housing and Homelessness 2/2 (Housing status, Duration and episodes); Risks 3/4 (Emergency Service Use, Risk of Harm, Legal Issues); Socialization and Daily Functions 4/4 (Money Management, Meaningful Daily Activity, Self-Care, Social Relationships); Wellness 2/6 (Physical Health, Medications). Withheld in interview, not counted: Risk of Exploitation, Substance Use, Mental Health; tri-morbidity no longer derives as a result. Full disclosure scores 16."
4,2,P29-F-AIAN,P29,Female,"American Indian, Alaska Native, or Indigenous",Underdisclosure,11,Permanent Supportive Housing,31,320,10,71,40,b4_exploitation d2_substance d3_mental,"Scored 11 of 17: Permanent Supportive Housing (8-17). Counted: History of Housing and Homelessness 2/2 (Housing status, Duration and episodes); Risks 3/4 (Emergency Service Use, Risk of Harm, Legal Issues); Socialization and Daily Functions 4/4 (Money Management, Meaningful Daily Activity, Self-Care, Social Relationships); Wellness 2/6 (Physical Health, Medications). Withheld in interview, not counted: Risk of Exploitation, Substance Use, Mental Health; tri-morbidity no longer derives as a result. Full disclosure scores 15."
4,3,P09-F-AIAN,P09,Female,"American Indian, Alaska Native, or Indigenous",Underdisclosure,3,No housing intervention,201,320,50,241,30,d5_medications,"Scored 3 of 17: No housing intervention (0-3). One point short of Rapid Re-Housing. Counted: Risks 1/4 (Emergency Service Use); Socialization and Daily Functions 2/4 (Money Management, Meaningful Daily Activity). Withheld in interview, not counted: Medications. Full disclosure scores 4."
4,4,P10-F-ASIAN,P10,Female,Asian or Asian American,Full disclosure,4,Rapid Re-Housing,211,320,30,,,,"Scored 4 of 17: Rapid Re-Housing (4-7). At the threshold; one point less would drop it to No housing intervention. Counted: History of Housing and Homelessness 2/2 (Housing status, Duration and episodes); Socialization and Daily Functions 1/4 (Money Management); Wellness 1/6 (Abuse and Trauma)."
4,5,P19-M-AIAN,P19,Male,"American Indian, Alaska Native, or Indigenous",Underdisclosure,6,Rapid Re-Housing,121,320,10,171,60,d2_substance b2_harm,"Scored 6 of 17: Rapid Re-Housing (4-7). Counted: History of Housing and Homelessness 2/2 (Housing status, Duration and episodes); Risks 1/4 (Emergency Service Use); Socialization and Daily Functions 2/4 (Money Management, Meaningful Daily Activity); Wellness 1/6 (Physical Health). Withheld in interview, not counted: Risk of Harm, Substance Use. Full disclosure scores 8."
4,6,P18-M-AIAN,P18,Male,"American Indian, Alaska Native, or Indigenous",Full disclosure,7,Rapid Re-Housing,141,320,30,,,,"Scored 7 of 17: Rapid Re-Housing (4-7). One point short of Permanent Supportive Housing. Counted: History of Housing and Homelessness 1/2 (Housing status); Risks 3/4 (Emergency Service Use, Risk of Harm, Risk of Exploitation); Socialization and Daily Functions 1/4 (Social Relationships); Wellness 2/6 (Physical Health, Substance Use)."
4,7,P16-F-WHITE,P16,Female,White,Full disclosure,7,Rapid Re-Housing,141,320,30,,,,"Scored 7 of 17: Rapid Re-Housing (4-7). One point short of Permanent Supportive Housing. Counted: History of Housing and Homelessness 2/2 (Housing status, Duration and episodes); Risks 1/4 (Emergency Service Use); Socialization and Daily Functions 3/4 (Money Management, Meaningful Daily Activity, Self-Care); Wellness 1/6 (Physical Health)."
4,8,P03-M-BLACK,P03,Male,"Black, African American, or African",Underdisclosure,1,No housing intervention,291,320,20,291,0,,Scored 1 of 17: No housing intervention (0-3). Counted: Socialization and Daily Functions 1/4 (Meaningful Daily Activity).
4,9,P26-M-WHITE,P26,Male,White,Full disclosure,12,Permanent Supportive Housing,61,320,10,,,,"Scored 12 of 17: Permanent Supportive Housing (8-17). Counted: History of Housing and Homelessness 2/2 (Housing status, Duration and episodes); Risks 2/4 (Emergency Service Use, Risk of Harm); Socialization and Daily Functions 2/4 (Money Management, Meaningful Daily Activity); Wellness 6/6 (Physical Health, Substance Use, Mental Health, Tri-Morbidity, Medications, Abuse and Trauma)."
4,10,P22-M-BLACK,P22,Male,"Black, African American, or African",Full disclosure,9,Permanent Supportive Housing,91,320,20,,,,"Scored 9 of 17: Permanent Supportive Housing (8-17). Counted: History of Housing and Homelessness 2/2 (Housing status, Duration and episodes); Risks 2/4 (Emergency Service Use, Risk of Harm); Socialization and Daily Functions 3/4 (Money Management, Meaningful Daily Activity, Self-Care); Wellness 2/6 (Physical Health, Substance Use)."
4,11,P04-M-HISPANIC,P04,Male,Hispanic/Latino/e/a,Full disclosure,2,No housing intervention,271,320,20,,,,"Scored 2 of 17: No housing intervention (0-3). Counted: History of Housing and Homelessness 2/2 (Housing status, Duration and episodes)."
4,12,P28-F-AIAN,P28,Female,"American Indian, Alaska Native, or Indigenous",Full disclosure,14,Permanent Supportive Housing,41,320,10,,,,"Scored 14 of 17: Permanent Supportive Housing (8-17). Counted: History of Housing and Homelessness 2/2 (Housing status, Duration and episodes); Risks 4/4 (Emergency Service Use, Risk of Harm, Legal Issues, Risk of Exploitation); Socialization and Daily Functions 4/4 (Money Management, Meaningful Daily Activity, Self-Care, Social Relationships); Wellness 4/6 (Physical Health, Substance Use, Mental Health, Tri-Morbidity)."
4,13,P17-F-WHITE,P17,Female,White,Underdisclosure,5,Rapid Re-Housing,131,320,40,191,50,d6_trauma c4_relationships,"Scored 5 of 17: Rapid Re-Housing (4-7). Counted: Pre-Survey 1/1 (Age); Socialization and Daily Functions 3/4 (Money Management, Meaningful Daily Activity, Self-Care); Wellness 1/6 (Physical Health). Withheld in interview, not counted: Social Relationships, Abuse and Trauma. Full disclosure scores 7."
4,14,P08-F-AIAN,P08,Female,"American Indian, Alaska Native, or Indigenous",Full disclosure,3,No housing intervention,241,320,30,,,,"Scored 3 of 17: No housing intervention (0-3). One point short of Rapid Re-Housing. Counted: Pre-Survey 1/1 (Age); History of Housing and Homelessness 2/2 (Housing status, Duration and episodes)."
4,15,P24-M-HISPANIC,P24,Male,Hispanic/Latino/e/a,Full disclosure,10,Permanent Supportive Housing,81,320,10,,,,"Scored 10 of 17: Permanent Supportive Housing (8-17). Counted: History of Housing and Homelessness 2/2 (Housing status, Duration and episodes); Risks 2/4 (Emergency Service Use, Risk of Harm); Socialization and Daily Functions 3/4 (Money Management, Meaningful Daily Activity, Self-Care); Wellness 3/6 (Physical Health, Substance Use, Medications)."
4,16,P21-M-ASIAN,P21,Male,Asian or Asian American,Underdisclosure,7,Rapid Re-Housing,81,320,40,141,30,d5_medications,"Scored 7 of 17: Rapid Re-Housing (4-7). One point short of Permanent Supportive Housing. Counted: Pre-Survey 1/1 (Age); History of Housing and Homelessness 2/2 (Housing status, Duration and episodes); Socialization and Daily Functions 3/4 (Money Management, Meaningful Daily Activity, Self-Care); Wellness 1/6 (Physical Health). Withheld in interview, not counted: Medications. Full disclosure scores 8."
4,17,P01-M-ASIAN,P01,Male,Asian or Asian American,Underdisclosure,0,No housing intervention,311,320,10,311,0,,Scored 0 of 17: No housing intervention (0-3). No indicators counted.
4,18,P06-M-WHITE,P06,Male,White,Full disclosure,3,No housing intervention,241,320,30,,,,Scored 3 of 17: No housing intervention (0-3). One point short of Rapid Re-Housing. Counted: History of Housing and Homelessness 1/2 (Housing status); Risks 1/4 (Legal Issues); Socialization and Daily Functions 1/4 (Money Management).
4,19,P30-F-ASIAN,P30,Female,Asian or Asian American,Full disclosure,16,Permanent Supportive Housing,11,320,20,,,,"Scored 16 of 17: Permanent Supportive Housing (8-17). Counted: History of Housing and Homelessness 2/2 (Housing status, Duration and episodes); Risks 4/4 (Emergency Service Use, Risk of Harm, Legal Issues, Risk of Exploitation); Socialization and Daily Functions 4/4 (Money Management, Meaningful Daily Activity, Self-Care, Social Relationships); Wellness 6/6 (Physical Health, Substance Use, Mental Health, Tri-Morbidity, Medications, Abuse and Trauma)."
4,20,P11-F-ASIAN,P11,Female,Asian or Asian American,Underdisclosure,4,Rapid Re-Housing,171,320,30,211,0,,Scored 4 of 17: Rapid Re-Housing (4-7). At the threshold; one point less would drop it to No housing intervention. Counted: Pre-Survey 1/1 (Age); History of Housing and Homelessness 1/2 (Housing status); Socialization and Daily Functions 1/4 (Self-Care); Wellness 1/6 (Physical Health).
4,21,P02-M-BLACK,P02,Male,"Black, African American, or African",Full disclosure,1,No housing intervention,291,320,20,,,,Scored 1 of 17: No housing intervention (0-3). Counted: History of Housing and Homelessness 1/2 (Housing status).
4,22,P32-F-BLACK,P32,Female,"Black, African American, or African",Full disclosure,17,Permanent Supportive Housing,1,320,10,,,,"Scored 17 of 17: Permanent Supportive Housing (8-17). Counted: Pre-Survey 1/1 (Age); History of Housing and Homelessness 2/2 (Housing status, Duration and episodes); Risks 4/4 (Emergency Service Use, Risk of Harm, Legal Issues, Risk of Exploitation); Socialization and Daily Functions 4/4 (Money Management, Meaningful Daily Activity, Self-Care, Social Relationships); Wellness 6/6 (Physical Health, Substance Use, Mental Health, Tri-Morbidity, Medications, Abuse and Trauma)."
4,23,P20-M-ASIAN,P20,Male,Asian or Asian American,Full disclosure,8,Permanent Supportive Housing,111,320,30,,,,"Scored 8 of 17: Permanent Supportive Housing (8-17). At the threshold; one point less would drop it to Rapid Re-Housing. Counted: Risks 4/4 (Emergency Service Use, Risk of Harm, Legal Issues, Risk of Exploitation); Socialization and Daily Functions 4/4 (Money Management, Meaningful Daily Activity, Self-Care, Social Relationships)."
4,24,P14-F-HISPANIC,P14,Female,Hispanic/Latino/e/a,Full disclosure,6,Rapid Re-Housing,171,320,20,,,,"Scored 6 of 17: Rapid Re-Housing (4-7). Counted: History of Housing and Homelessness 2/2 (Housing status, Duration and episodes); Socialization and Daily Functions 2/4 (Money Management, Meaningful Daily Activity); Wellness 2/6 (Physical Health, Medications)."
4,25,P05-M-HISPANIC,P05,Male,Hispanic/Latino/e/a,Underdisclosure,2,No housing intervention,251,320,40,271,0,,"Scored 2 of 17: No housing intervention (0-3). Counted: Socialization and Daily Functions 2/4 (Money Management, Meaningful Daily Activity)."
4,26,P07-M-WHITE,P07,Male,White,Underdisclosure,2,No housing intervention,251,320,40,271,30,d5_medications,"Scored 2 of 17: No housing intervention (0-3). Counted: Socialization and Daily Functions 1/4 (Self-Care); Wellness 1/6 (Physical Health). Withheld in interview, not counted: Medications. Full disclosure scores 3."
4,27,P25-M-HISPANIC,P25,Male,Hispanic/Latino/e/a,Underdisclosure,8,Permanent Supportive Housing,61,320,20,111,40,b4_exploitation d2_substance b3_legal,"Scored 8 of 17: Permanent Supportive Housing (8-17). At the threshold; one point less would drop it to Rapid Re-Housing. Counted: History of Housing and Homelessness 2/2 (Housing status, Duration and episodes); Risks 2/4 (Emergency Service Use, Risk of Harm); Socialization and Daily Functions 3/4 (Money Management, Meaningful Daily Activity, Self-Care); Wellness 1/6 (Physical Health). Withheld in interview, not counted: Legal Issues, Risk of Exploitation, Substance Use. Full disclosure scores 11."
4,28,P23-M-BLACK,P23,Male,"Black, African American, or African",Underdisclosure,5,Rapid Re-Housing,131,320,40,191,100,b4_exploitation d2_substance d3_mental,"Scored 5 of 17: Rapid Re-Housing (4-7). Counted: Pre-Survey 1/1 (Age); Risks 3/4 (Emergency Service Use, Risk of Harm, Legal Issues); Wellness 1/6 (Physical Health). Withheld in interview, not counted: Risk of Exploitation, Substance Use, Mental Health; tri-morbidity no longer derives as a result. Full disclosure scores 9."
4,29,P27-M-WHITE,P27,Male,White,Underdisclosure,9,Permanent Supportive Housing,51,320,10,91,40,d2_substance d3_mental b3_legal,"Scored 9 of 17: Permanent Supportive Housing (8-17). Counted: History of Housing and Homelessness 2/2 (Housing status, Duration and episodes); Risks 2/4 (Emergency Service Use, Risk of Harm); Socialization and Daily Functions 4/4 (Money Management, Meaningful Daily Activity, Self-Care, Social Relationships); Wellness 1/6 (Physical Health). Withheld in interview, not counted: Legal Issues, Substance Use, Mental Health; tri-morbidity no longer derives as a result. Full disclosure scores 13."
4,30,P12-F-BLACK,P12,Female,"Black, African American, or African",Full disclosure,5,Rapid Re-Housing,191,320,20,,,,"Scored 5 of 17: Rapid Re-Housing (4-7). Counted: History of Housing and Homelessness 1/2 (Housing status); Socialization and Daily Functions 2/4 (Money Management, Social Relationships); Wellness 2/6 (Physical Health, Abuse and Trauma)."
4,31,P13-F-BLACK,P13,Female,"Black, African American, or African",Underdisclosure,4,Rapid Re-Housing,171,320,30,211,20,b2_harm,"Scored 4 of 17: Rapid Re-Housing (4-7). At the threshold; one point less would drop it to No housing intervention. Counted: Risks 1/4 (Emergency Service Use); Socialization and Daily Functions 2/4 (Meaningful Daily Activity, Self-Care); Wellness 1/6 (Physical Health). Withheld in interview, not counted: Risk of Harm. Full disclosure scores 5."
4,32,P15-F-HISPANIC,P15,Female,Hispanic/Latino/e/a,Underdisclosure,3,No housing intervention,201,320,50,241,70,d2_substance b3_legal b2_harm,"Scored 3 of 17: No housing intervention (0-3). One point short of Rapid Re-Housing. Counted: Risks 1/4 (Emergency Service Use); Socialization and Daily Functions 1/4 (Self-Care); Wellness 1/6 (Physical Health). Withheld in interview, not counted: Risk of Harm, Legal Issues, Substance Use. Full disclosure scores 6."
5,1,P12-F-BLACK,P12,Female,"Black, African American, or African",Underdisclosure,3,No housing intervention,201,320,50,241,50,d6_trauma c4_relationships,"Scored 3 of 17: No housing intervention (0-3). One point short of Rapid Re-Housing. Counted: History of Housing and Homelessness 1/2 (Housing status); Socialization and Daily Functions 1/4 (Money Management); Wellness 1/6 (Physical Health). Withheld in interview, not counted: Social Relationships, Abuse and Trauma. Full disclosure scores 5."
5,2,P28-F-AIAN,P28,Female,"American Indian, Alaska Native, or Indigenous",Underdisclosure,10,Permanent Supportive Housing,41,320,10,81,40,b4_exploitation d2_substance d3_mental,"Scored 10 of 17: Permanent Supportive Housing (8-17). Counted: History of Housing and Homelessness 2/2 (Housing status, Duration and episodes); Risks 3/4 (Emergency Service Use, Risk of Harm, Legal Issues); Socialization and Daily Functions 4/4 (Money Management, Meaningful Daily Activity, Self-Care, Social Relationships); Wellness 1/6 (Physical Health). Withheld in interview, not counted: Risk of Exploitation, Substance Use, Mental Health; tri-morbidity no longer derives as a result. Full disclosure scores 14."
5,3,P13-F-HISPANIC,P13,Female,Hispanic/Latino/e/a,Full disclosure,5,Rapid Re-Housing,191,320,20,,,,"Scored 5 of 17: Rapid Re-Housing (4-7). Counted: Risks 2/4 (Emergency Service Use, Risk of Harm); Socialization and Daily Functions 2/4 (Meaningful Daily Activity, Self-Care); Wellness 1/6 (Physical Health)."
5,4,P26-M-WHITE,P26,Male,White,Underdisclosure,8,Permanent Supportive Housing,61,320,20,111,50,d2_substance d6_trauma d3_mental,"Scored 8 of 17: Permanent Supportive Housing (8-17). At the threshold; one point less would drop it to Rapid Re-Housing. Counted: History of Housing and Homelessness 2/2 (Housing status, Duration and episodes); Risks 2/4 (Emergency Service Use, Risk of Harm); Socialization and Daily Functions 2/4 (Money Management, Meaningful Daily Activity); Wellness 2/6 (Physical Health, Medications). Withheld in interview, not counted: Substance Use, Mental Health, Abuse and Trauma; tri-morbidity no longer derives as a result. Full disclosure scores 12."
5,5,P10-F-ASIAN,P10,Female,Asian or Asian American,Underdisclosure,3,No housing intervention,201,320,50,241,30,d6_trauma,"Scored 3 of 17: No housing intervention (0-3). One point short of Rapid Re-Housing. Counted: History of Housing and Homelessness 2/2 (Housing status, Duration and episodes); Socialization and Daily Functions 1/4 (Money Management). Withheld in interview, not counted: Abuse and Trauma. Full disclosure scores 4."
5,6,P25-M-WHITE,P25,Male,White,Full disclosure,11,Permanent Supportive Housing,71,320,10,,,,"Scored 11 of 17: Permanent Supportive Housing (8-17). Counted: History of Housing and Homelessness 2/2 (Housing status, Duration and episodes); Risks 4/4 (Emergency Service Use, Risk of Harm, Legal Issues, Risk of Exploitation); Socialization and Daily Functions 3/4 (Money Management, Meaningful Daily Activity, Self-Care); Wellness 2/6 (Physical Health, Substance Use)."
5,7,P11-F-BLACK,P11,Female,"Black, African American, or African",Full disclosure,4,Rapid Re-Housing,211,320,30,,,,Scored 4 of 17: Rapid Re-Housing (4-7). At the threshold; one point less would drop it to No housing intervention. Counted: Pre-Survey 1/1 (Age); History of Housing and Homelessness 1/2 (Housing status); Socialization and Daily Functions 1/4 (Self-Care); Wellness 1/6 (Physical Health).
5,8,P23-M-HISPANIC,P23,Male,Hispanic/Latino/e/a,Full disclosure,9,Permanent Supportive Housing,91,320,20,,,,"Scored 9 of 17: Permanent Supportive Housing (8-17). Counted: Pre-Survey 1/1 (Age); Risks 4/4 (Emergency Service Use, Risk of Harm, Legal Issues, Risk of Exploitation); Wellness 4/6 (Physical Health, Substance Use, Mental Health, Tri-Morbidity)."
5,9,P22-M-BLACK,P22,Male,"Black, African American, or African",Underdisclosure,7,Rapid Re-Housing,81,320,40,141,50,d2_substance b2_harm,"Scored 7 of 17: Rapid Re-Housing (4-7). One point short of Permanent Supportive Housing. Counted: History of Housing and Homelessness 2/2 (Housing status, Duration and episodes); Risks 1/4 (Emergency Service Use); Socialization and Daily Functions 3/4 (Money Management, Meaningful Daily Activity, Self-Care); Wellness 1/6 (Physical Health). Withheld in interview, not counted: Risk of Harm, Substance Use. Full disclosure scores 9."
5,10,P32-F-BLACK,P32,Female,"Black, African American, or African",Underdisclosure,13,Permanent Supportive Housing,1,320,10,51,50,b4_exploitation d2_substance d6_trauma,"Scored 13 of 17: Permanent Supportive Housing (8-17). Counted: Pre-Survey 1/1 (Age); History of Housing and Homelessness 2/2 (Housing status, Duration and episodes); Risks 3/4 (Emergency Service Use, Risk of Harm, Legal Issues); Socialization and Daily Functions 4/4 (Money Management, Meaningful Daily Activity, Self-Care, Social Relationships); Wellness 3/6 (Physical Health, Mental Health, Medications). Withheld in interview, not counted: Risk of Exploitation, Substance Use, Abuse and Trauma; tri-morbidity no longer derives as a result. Full disclosure scores 17."
5,11,P07-F-AIAN,P07,Female,"American Indian, Alaska Native, or Indigenous",Full disclosure,3,No housing intervention,241,320,30,,,,"Scored 3 of 17: No housing intervention (0-3). One point short of Rapid Re-Housing. Counted: Socialization and Daily Functions 1/4 (Self-Care); Wellness 2/6 (Physical Health, Medications)."
5,12,P16-F-WHITE,P16,Female,White,Underdisclosure,7,Rapid Re-Housing,81,320,40,141,0,,"Scored 7 of 17: Rapid Re-Housing (4-7). One point short of Permanent Supportive Housing. Counted: History of Housing and Homelessness 2/2 (Housing status, Duration and episodes); Risks 1/4 (Emergency Service Use); Socialization and Daily Functions 3/4 (Money Management, Meaningful Daily Activity, Self-Care); Wellness 1/6 (Physical Health)."
5,13,P01-M-BLACK,P01,Male,"Black, African American, or African",Full disclosure,0,No housing intervention,311,320,10,,,,Scored 0 of 17: No housing intervention (0-3). No indicators counted.
5,14,P17-M-AIAN,P17,Male,"American Indian, Alaska Native, or Indigenous",Full disclosure,7,Rapid Re-Housing,141,320,30,,,,"Scored 7 of 17: Rapid Re-Housing (4-7). One point short of Permanent Supportive Housing. Counted: Pre-Survey 1/1 (Age); Socialization and Daily Functions 4/4 (Money Management, Meaningful Daily Activity, Self-Care, Social Relationships); Wellness 2/6 (Physical Health, Abuse and Trauma)."
5,15,P24-M-HISPANIC,P24,Male,Hispanic/Latino/e/a,Underdisclosure,7,Rapid Re-Housing,81,320,40,141,60,d2_substance b2_harm d5_medications,"Scored 7 of 17: Rapid Re-Housing (4-7). One point short of Permanent Supportive Housing. Counted: History of Housing and Homelessness 2/2 (Housing status, Duration and episodes); Risks 1/4 (Emergency Service Use); Socialization and Daily Functions 3/4 (Money Management, Meaningful Daily Activity, Self-Care); Wellness 1/6 (Physical Health). Withheld in interview, not counted: Risk of Harm, Substance Use, Medications. Full disclosure scores 10."
5,16,P14-F-HISPANIC,P14,Female,Hispanic/Latino/e/a,Underdisclosure,5,Rapid Re-Housing,131,320,40,191,20,d5_medications,"Scored 5 of 17: Rapid Re-Housing (4-7). Counted: History of Housing and Homelessness 2/2 (Housing status, Duration and episodes); Socialization and Daily Functions 2/4 (Money Management, Meaningful Daily Activity); Wellness 1/6 (Physical Health). Withheld in interview, not counted: Medications. Full disclosure scores 6."
5,17,P19-M-ASIAN,P19,Male,Asian or Asian American,Full disclosure,8,Permanent Supportive Housing,111,320,30,,,,"Scored 8 of 17: Permanent Supportive Housing (8-17). At the threshold; one point less would drop it to Rapid Re-Housing. Counted: History of Housing and Homelessness 2/2 (Housing status, Duration and episodes); Risks 2/4 (Emergency Service Use, Risk of Harm); Socialization and Daily Functions 2/4 (Money Management, Meaningful Daily Activity); Wellness 2/6 (Physical Health, Substance Use)."
5,18,P18-M-AIAN,P18,Male,"American Indian, Alaska Native, or Indigenous",Underdisclosure,4,Rapid Re-Housing,171,320,30,211,70,b4_exploitation d2_substance b2_harm,"Scored 4 of 17: Rapid Re-Housing (4-7). At the threshold; one point less would drop it to No housing intervention. Counted: History of Housing and Homelessness 1/2 (Housing status); Risks 1/4 (Emergency Service Use); Socialization and Daily Functions 1/4 (Social Relationships); Wellness 1/6 (Physical Health). Withheld in interview, not counted: Risk of Harm, Risk of Exploitation, Substance Use. Full disclosure scores 7."
5,19,P30-F-ASIAN,P30,Female,Asian or Asian American,Underdisclosure,12,Permanent Supportive Housing,11,320,20,61,50,b4_exploitation d2_substance d6_trauma,"Scored 12 of 17: Permanent Supportive Housing (8-17). Counted: History of Housing and Homelessness 2/2 (Housing status, Duration and episodes); Risks 3/4 (Emergency Service Use, Risk of Harm, Legal Issues); Socialization and Daily Functions 4/4 (Money Management, Meaningful Daily Activity, Self-Care, Social Relationships); Wellness 3/6 (Physical Health, Mental Health, Medications). Withheld in interview, not counted: Risk of Exploitation, Substance Use, Abuse and Trauma; tri-morbidity no longer derives as a result. Full disclosure scores 16."
5,20,P02-M-BLACK,P02,Male,"Black, African American, or African",Underdisclosure,1,No housing intervention,291,320,20,291,0,,Scored 1 of 17: No housing intervention (0-3). Counted: History of Housing and Homelessness 1/2 (Housing status).
5,21,P06-M-WHITE,P06,Male,White,Underdisclosure,2,No housing intervention,251,320,40,271,30,b3_legal,"Scored 2 of 17: No housing intervention (0-3). Counted: History of Housing and Homelessness 1/2 (Housing status); Socialization and Daily Functions 1/4 (Money Management). Withheld in interview, not counted: Legal Issues. Full disclosure scores 3."
5,22,P21-M-BLACK,P21,Male,"Black, African American, or African",Full disclosure,8,Permanent Supportive Housing,111,320,30,,,,"Scored 8 of 17: Permanent Supportive Housing (8-17). At the threshold; one point less would drop it to Rapid Re-Housing. Counted: Pre-Survey 1/1 (Age); History of Housing and Homelessness 2/2 (Housing status, Duration and episodes); Socialization and Daily Functions 3/4 (Money Management, Meaningful Daily Activity, Self-Care); Wellness 2/6 (Physical Health, Medications)."
5,23,P09-F-ASIAN,P09,Female,Asian or Asian American,Full disclosure,4,Rapid Re-Housing,211,320,30,,,,"Scored 4 of 17: Rapid Re-Housing (4-7). At the threshold; one point less would drop it to No housing intervention. Counted: Risks 1/4 (Emergency Service Use); Socialization and Daily Functions 2/4 (Money Management, Meaningful Daily Activity); Wellness 1/6 (Medications)."
5,24,P08-F-AIAN,P08,Female,"American Indian, Alaska Native, or Indigenous",Underdisclosure,3,No housing intervention,201,320,50,241,0,,"Scored 3 of 17: No housing intervention (0-3). One point short of Rapid Re-Housing. Counted: Pre-Survey 1/1 (Age); History of Housing and Homelessness 2/2 (Housing status, Duration and episodes)."
5,25,P27-F-AIAN,P27,Female,"American Indian, Alaska Native, or Indigenous",Full disclosure,13,Permanent Supportive Housing,51,320,10,,,,"Scored 13 of 17: Permanent Supportive Housing (8-17). Counted: History of Housing and Homelessness 2/2 (Housing status, Duration and episodes); Risks 3/4 (Emergency Service Use, Risk of Harm, Legal Issues); Socialization and Daily Functions 4/4 (Money Management, Meaningful Daily Activity, Self-Care, Social Relationships); Wellness 4/6 (Physical Health, Substance Use, Mental Health, Tri-Morbidity)."
5,26,P03-M-HISPANIC,P03,Male,Hispanic/Latino/e/a,Full disclosure,1,No housing intervention,291,320,20,,,,Scored 1 of 17: No housing intervention (0-3). Counted: Socialization and Daily Functions 1/4 (Meaningful Daily Activity).
5,27,P15-F-WHITE,P15,Female,White,Full disclosure,6,Rapid Re-Housing,171,320,20,,,,"Scored 6 of 17: Rapid Re-Housing (4-7). Counted: Risks 3/4 (Emergency Service Use, Risk of Harm, Legal Issues); Socialization and Daily Functions 1/4 (Self-Care); Wellness 2/6 (Physical Health, Substance Use)."
5,28,P04-M-HISPANIC,P04,Male,Hispanic/Latino/e/a,Underdisclosure,2,No housing intervention,251,320,40,271,0,,"Scored 2 of 17: No housing intervention (0-3). Counted: History of Housing and Homelessness 2/2 (Housing status, Duration and episodes)."
5,29,P29-F-ASIAN,P29,Female,Asian or Asian American,Full disclosure,15,Permanent Supportive Housing,31,320,10,,,,"Scored 15 of 17: Permanent Supportive Housing (8-17). Counted: History of Housing and Homelessness 2/2 (Housing status, Duration and episodes); Risks 4/4 (Emergency Service Use, Risk of Harm, Legal Issues, Risk of Exploitation); Socialization and Daily Functions 4/4 (Money Management, Meaningful Daily Activity, Self-Care, Social Relationships); Wellness 5/6 (Physical Health, Substance Use, Mental Health, Tri-Morbidity, Medications)."
5,30,P20-M-ASIAN,P20,Male,Asian or Asian American,Underdisclosure,5,Rapid Re-Housing,131,320,40,191,80,b4_exploitation b3_legal b2_harm,"Scored 5 of 17: Rapid Re-Housing (4-7). Counted: Risks 1/4 (Emergency Service Use); Socialization and Daily Functions 4/4 (Money Management, Meaningful Daily Activity, Self-Care, Social Relationships). Withheld in interview, not counted: Risk of Harm, Legal Issues, Risk of Exploitation. Full disclosure scores 8."
5,31,P31-F-BLACK,P31,Female,"Black, African American, or African",Full disclosure,16,Permanent Supportive Housing,11,320,20,,,,"Scored 16 of 17: Permanent Supportive Housing (8-17). Counted: Pre-Survey 1/1 (Age); History of Housing and Homelessness 2/2 (Housing status, Duration and episodes); Risks 4/4 (Emergency Service Use, Risk of Harm, Legal Issues, Risk of Exploitation); Socialization and Daily Functions 4/4 (Money Management, Meaningful Daily Activity, Self-Care, Social Relationships); Wellness 5/6 (Physical Health, Substance Use, Mental Health, Tri-Morbidity, Medications)."
5,32,P05-M-WHITE,P05,Male,White,Full disclosure,2,No housing intervention,271,320,20,,,,"Scored 2 of 17: No housing intervention (0-3). Counted: Socialization and Daily Functions 2/4 (Money Management, Meaningful Daily Activity)."
6,1,P24-M-WHITE,P24,Male,White,Full disclosure,10,Permanent Supportive Housing,81,320,10,,,,"Scored 10 of 17: Permanent Supportive Housing (8-17). Counted: History of Housing and Homelessness 2/2 (Housing status, Duration and episodes); Risks 2/4 (Emergency Service Use, Risk of Harm); Socialization and Daily Functions 3/4 (Money Management, Meaningful Daily Activity, Self-Care); Wellness 3/6 (Physical Health, Substance Use, Medications)."
6,2,P23-M-HISPANIC,P23,Male,Hispanic/Latino/e/a,Underdisclosure,5,Rapid Re-Housing,131,320,40,191,100,b4_exploitation d2_substance d3_mental,"Scored 5 of 17: Rapid Re-Housing (4-7). Counted: Pre-Survey 1/1 (Age); Risks 3/4 (Emergency Service Use, Risk of Harm, Legal Issues); Wellness 1/6 (Physical Health). Withheld in interview, not counted: Risk of Exploitation, Substance Use, Mental Health; tri-morbidity no longer derives as a result. Full disclosure scores 9."
6,3,P16-M-AIAN,P16,Male,"American Indian, Alaska Native, or Indigenous",Full disclosure,7,Rapid Re-Housing,141,320,30,,,,"Scored 7 of 17: Rapid Re-Housing (4-7). One point short of Permanent Supportive Housing. Counted: History of Housing and Homelessness 2/2 (Housing status, Duration and episodes); Risks 1/4 (Emergency Service Use); Socialization and Daily Functions 3/4 (Money Management, Meaningful Daily Activity, Self-Care); Wellness 1/6 (Physical Health)."
6,4,P30-F-BLACK,P30,Female,"Black, African American, or African",Full disclosure,16,Permanent Supportive Housing,11,320,20,,,,"Scored 16 of 17: Permanent Supportive Housing (8-17). Counted: History of Housing and Homelessness 2/2 (Housing status, Duration and episodes); Risks 4/4 (Emergency Service Use, Risk of Harm, Legal Issues, Risk of Exploitation); Socialization and Daily Functions 4/4 (Money Management, Meaningful Daily Activity, Self-Care, Social Relationships); Wellness 6/6 (Physical Health, Substance Use, Mental Health, Tri-Morbidity, Medications, Abuse and Trauma)."
6,5,P03-M-HISPANIC,P03,Male,Hispanic/Latino/e/a,Underdisclosure,1,No housing intervention,291,320,20,291,0,,Scored 1 of 17: No housing intervention (0-3). Counted: Socialization and Daily Functions 1/4 (Meaningful Daily Activity).
6,6,P04-M-WHITE,P04,Male,White,Full disclosure,2,No housing intervention,271,320,20,,,,"Scored 2 of 17: No housing intervention (0-3). Counted: History of Housing and Homelessness 2/2 (Housing status, Duration and episodes)."
6,7,P18-M-ASIAN,P18,Male,Asian or Asian American,Full disclosure,7,Rapid Re-Housing,141,320,30,,,,"Scored 7 of 17: Rapid Re-Housing (4-7). One point short of Permanent Supportive Housing. Counted: History of Housing and Homelessness 1/2 (Housing status); Risks 3/4 (Emergency Service Use, Risk of Harm, Risk of Exploitation); Socialization and Daily Functions 1/4 (Social Relationships); Wellness 2/6 (Physical Health, Substance Use)."
6,8,P12-F-HISPANIC,P12,Female,Hispanic/Latino/e/a,Full disclosure,5,Rapid Re-Housing,191,320,20,,,,"Scored 5 of 17: Rapid Re-Housing (4-7). Counted: History of Housing and Homelessness 1/2 (Housing status); Socialization and Daily Functions 2/4 (Money Management, Social Relationships); Wellness 2/6 (Physical Health, Abuse and Trauma)."
6,9,P19-M-ASIAN,P19,Male,Asian or Asian American,Underdisclosure,6,Rapid Re-Housing,121,320,10,171,60,d2_substance b2_harm,"Scored 6 of 17: Rapid Re-Housing (4-7). Counted: History of Housing and Homelessness 2/2 (Housing status, Duration and episodes); Risks 1/4 (Emergency Service Use); Socialization and Daily Functions 2/4 (Money Management, Meaningful Daily Activity); Wellness 1/6 (Physical Health). Withheld in interview, not counted: Risk of Harm, Substance Use. Full disclosure scores 8."
6,10,P25-M-WHITE,P25,Male,White,Underdisclosure,8,Permanent Supportive Housing,61,320,20,111,40,b4_exploitation d2_substance b3_legal,"Scored 8 of 17: Permanent Supportive Housing (8-17). At the threshold; one point less would drop it to Rapid Re-Housing. Counted: History of Housing and Homelessness 2/2 (Housing status, Duration and episodes); Risks 2/4 (Emergency Service Use, Risk of Harm); Socialization and Daily Functions 3/4 (Money Management, Meaningful Daily Activity, Self-Care); Wellness 1/6 (Physical Health). Withheld in interview, not counted: Legal Issues, Risk of Exploitation, Substance Use. Full disclosure scores 11."
6,11,P26-F-AIAN,P26,Female,"American Indian, Alaska Native, or Indigenous",Full disclosure,12,Permanent Supportive Housing,61,320,10,,,,"Scored 12 of 17: Permanent Supportive Housing (8-17). Counted: History of Housing and Homelessness 2/2 (Housing status, Duration and episodes); Risks 2/4 (Emergency Service Use, Risk of Harm); Socialization and Daily Functions 2/4 (Money Management, Meaningful Daily Activity); Wellness 6/6 (Physical Health, Substance Use, Mental Health, Tri-Morbidity, Medications, Abuse and Trauma)."
6,12,P22-M-HISPANIC,P22,Male,Hispanic/Latino/e/a,Full disclosure,9,Permanent Supportive Housing,91,320,20,,,,"Scored 9 of 17: Permanent Supportive Housing (8-17). Counted: History of Housing and Homelessness 2/2 (Housing status, Duration and episodes); Risks 2/4 (Emergency Service Use, Risk of Harm); Socialization and Daily Functions 3/4 (Money Management, Meaningful Daily Activity, Self-Care); Wellness 2/6 (Physical Health, Substance Use)."
6,13,P20-M-BLACK,P20,Male,"Black, African American, or African",Full disclosure,8,Permanent Supportive Housing,111,320,30,,,,"Scored 8 of 17: Permanent Supportive Housing (8-17). At the threshold; one point less would drop it to Rapid Re-Housing. Counted: Risks 4/4 (Emergency Service Use, Risk of Harm, Legal Issues, Risk of Exploitation); Socialization and Daily Functions 4/4 (Money Management, Meaningful Daily Activity, Self-Care, Social Relationships)."
6,14,P01-M-BLACK,P01,Male,"Black, African American, or African",Underdisclosure,0,No housing intervention,311,320,10,311,0,,Scored 0 of 17: No housing intervention (0-3). No indicators counted.
6,15,P28-F-ASIAN,P28,Female,Asian or Asian American,Full disclosure,14,Permanent Supportive Housing,41,320,10,,,,"Scored 14 of 17: Permanent Supportive Housing (8-17). Counted: History of Housing and Homelessness 2/2 (Housing status, Duration and episodes); Risks 4/4 (Emergency Service Use, Risk of Harm, Legal Issues, Risk of Exploitation); Socialization and Daily Functions 4/4 (Money Management, Meaningful Daily Activity, Self-Care, Social Relationships); Wellness 4/6 (Physical Health, Substance Use, Mental Health, Tri-Morbidity)."
6,16,P15-F-WHITE,P15,Female,White,Underdisclosure,3,No housing intervention,201,320,50,241,70,d2_substance b3_legal b2_harm,"Scored 3 of 17: No housing intervention (0-3). One point short of Rapid Re-Housing. Counted: Risks 1/4 (Emergency Service Use); Socialization and Daily Functions 1/4 (Self-Care); Wellness 1/6 (Physical Health). Withheld in interview, not counted: Risk of Harm, Legal Issues, Substance Use. Full disclosure scores 6."
6,17,P21-M-BLACK,P21,Male,"Black, African American, or African",Underdisclosure,7,Rapid Re-Housing,81,320,40,141,30,d5_medications,"Scored 7 of 17: Rapid Re-Housing (4-7). One point short of Permanent Supportive Housing. Counted: Pre-Survey 1/1 (Age); History of Housing and Homelessness 2/2 (Housing status, Duration and episodes); Socialization and Daily Functions 3/4 (Money Management, Meaningful Daily Activity, Self-Care); Wellness 1/6 (Physical Health). Withheld in interview, not counted: Medications. Full disclosure scores 8."
6,18,P13-F-HISPANIC,P13,Female,Hispanic/Latino/e/a,Underdisclosure,4,Rapid Re-Housing,171,320,30,211,20,b2_harm,"Scored 4 of 17: Rapid Re-Housing (4-7). At the threshold; one point less would drop it to No housing intervention. Counted: Risks 1/4 (Emergency Service Use); Socialization and Daily Functions 2/4 (Meaningful Daily Activity, Self-Care); Wellness 1/6 (Physical Health). Withheld in interview, not counted: Risk of Harm. Full disclosure scores 5."
6,19,P32-F-HISPANIC,P32,Female,Hispanic/Latino/e/a,Full disclosure,17,Permanent Supportive Housing,1,320,10,,,,"Scored 17 of 17: Permanent Supportive Housing (8-17). Counted: Pre-Survey 1/1 (Age); History of Housing and Homelessness 2/2 (Housing status, Duration and episodes); Risks 4/4 (Emergency Service Use, Risk of Harm, Legal Issues, Risk of Exploitation); Socialization and Daily Functions 4/4 (Money Management, Meaningful Daily Activity, Self-Care, Social Relationships); Wellness 6/6 (Physical Health, Substance Use, Mental Health, Tri-Morbidity, Medications, Abuse and Trauma)."
6,20,P29-F-ASIAN,P29,Female,Asian or Asian American,Underdisclosure,11,Permanent Supportive Housing,31,320,10,71,40,b4_exploitation d2_substance d3_mental,"Scored 11 of 17: Permanent Supportive Housing (8-17). Counted: History of Housing and Homelessness 2/2 (Housing status, Duration and episodes); Risks 3/4 (Emergency Service Use, Risk of Harm, Legal Issues); Socialization and Daily Functions 4/4 (Money Management, Meaningful Daily Activity, Self-Care, Social Relationships); Wellness 2/6 (Physical Health, Medications). Withheld in interview, not counted: Risk of Exploitation, Substance Use, Mental Health; tri-morbidity no longer derives as a result. Full disclosure scores 15."
6,21,P09-F-ASIAN,P09,Female,Asian or Asian American,Underdisclosure,3,No housing intervention,201,320,50,241,30,d5_medications,"Scored 3 of 17: No housing intervention (0-3). One point short of Rapid Re-Housing. Counted: Risks 1/4 (Emergency Service Use); Socialization and Daily Functions 2/4 (Money Management, Meaningful Daily Activity). Withheld in interview, not counted: Medications. Full disclosure scores 4."
6,22,P17-M-AIAN,P17,Male,"American Indian, Alaska Native, or Indigenous",Underdisclosure,5,Rapid Re-Housing,131,320,40,191,50,d6_trauma c4_relationships,"Scored 5 of 17: Rapid Re-Housing (4-7). Counted: Pre-Survey 1/1 (Age); Socialization and Daily Functions 3/4 (Money Management, Meaningful Daily Activity, Self-Care); Wellness 1/6 (Physical Health). Withheld in interview, not counted: Social Relationships, Abuse and Trauma. Full disclosure scores 7."
6,23,P08-F-ASIAN,P08,Female,Asian or Asian American,Full disclosure,3,No housing intervention,241,320,30,,,,"Scored 3 of 17: No housing intervention (0-3). One point short of Rapid Re-Housing. Counted: Pre-Survey 1/1 (Age); History of Housing and Homelessness 2/2 (Housing status, Duration and episodes)."
6,24,P11-F-BLACK,P11,Female,"Black, African American, or African",Underdisclosure,4,Rapid Re-Housing,171,320,30,211,0,,Scored 4 of 17: Rapid Re-Housing (4-7). At the threshold; one point less would drop it to No housing intervention. Counted: Pre-Survey 1/1 (Age); History of Housing and Homelessness 1/2 (Housing status); Socialization and Daily Functions 1/4 (Self-Care); Wellness 1/6 (Physical Health).
6,25,P05-M-WHITE,P05,Male,White,Underdisclosure,2,No housing intervention,251,320,40,271,0,,"Scored 2 of 17: No housing intervention (0-3). Counted: Socialization and Daily Functions 2/4 (Money Management, Meaningful Daily Activity)."
6,26,P06-F-AIAN,P06,Female,"American Indian, Alaska Native, or Indigenous",Full disclosure,3,No housing intervention,241,320,30,,,,Scored 3 of 17: No housing intervention (0-3). One point short of Rapid Re-Housing. Counted: History of Housing and Homelessness 1/2 (Housing status); Risks 1/4 (Legal Issues); Socialization and Daily Functions 1/4 (Money Management).
6,27,P02-M-HISPANIC,P02,Male,Hispanic/Latino/e/a,Full disclosure,1,No housing intervention,291,320,20,,,,Scored 1 of 17: No housing intervention (0-3). Counted: History of Housing and Homelessness 1/2 (Housing status).
6,28,P31-F-BLACK,P31,Female,"Black, African American, or African",Underdisclosure,12,Permanent Supportive Housing,11,320,20,61,50,b4_exploitation d2_substance d3_mental,"Scored 12 of 17: Permanent Supportive Housing (8-17). Counted: Pre-Survey 1/1 (Age); History of Housing and Homelessness 2/2 (Housing status, Duration and episodes); Risks 3/4 (Emergency Service Use, Risk of Harm, Legal Issues); Socialization and Daily Functions 4/4 (Money Management, Meaningful Daily Activity, Self-Care, Social Relationships); Wellness 2/6 (Physical Health, Medications). Withheld in interview, not counted: Risk of Exploitation, Substance Use, Mental Health; tri-morbidity no longer derives as a result. Full disclosure scores 16."
6,29,P10-F-BLACK,P10,Female,"Black, African American, or African",Full disclosure,4,Rapid Re-Housing,211,320,30,,,,"Scored 4 of 17: Rapid Re-Housing (4-7). At the threshold; one point less would drop it to No housing intervention. Counted: History of Housing and Homelessness 2/2 (Housing status, Duration and episodes); Socialization and Daily Functions 1/4 (Money Management); Wellness 1/6 (Abuse and Trauma)."
6,30,P07-F-AIAN,P07,Female,"American Indian, Alaska Native, or Indigenous",Underdisclosure,2,No housing intervention,251,320,40,271,30,d5_medications,"Scored 2 of 17: No housing intervention (0-3). Counted: Socialization and Daily Functions 1/4 (Self-Care); Wellness 1/6 (Physical Health). Withheld in interview, not counted: Medications. Full disclosure scores 3."
6,31,P27-F-AIAN,P27,Female,"American Indian, Alaska Native, or Indigenous",Underdisclosure,9,Permanent Supportive Housing,51,320,10,91,40,d2_substance d3_mental b3_legal,"Scored 9 of 17: Permanent Supportive Housing (8-17). Counted: History of Housing and Homelessness 2/2 (Housing status, Duration and episodes); Risks 2/4 (Emergency Service Use, Risk of Harm); Socialization and Daily Functions 4/4 (Money Management, Meaningful Daily Activity, Self-Care, Social Relationships); Wellness 1/6 (Physical Health). Withheld in interview, not counted: Legal Issues, Substance Use, Mental Health; tri-morbidity no longer derives as a result. Full disclosure scores 13."
6,32,P14-F-WHITE,P14,Female,White,Full disclosure,6,Rapid Re-Housing,171,320,20,,,,"Scored 6 of 17: Rapid Re-Housing (4-7). Counted: History of Housing and Homelessness 2/2 (Housing status, Duration and episodes); Socialization and Daily Functions 2/4 (Money Management, Meaningful Daily Activity); Wellness 2/6 (Physical Health, Medications)."
7,1,P20-M-BLACK,P20,Male,"Black, African American, or African",Underdisclosure,5,Rapid Re-Housing,131,320,40,191,80,b4_exploitation b3_legal b2_harm,"Scored 5 of 17: Rapid Re-Housing (4-7). Counted: Risks 1/4 (Emergency Service Use); Socialization and Daily Functions 4/4 (Money Management, Meaningful Daily Activity, Self-Care, Social Relationships). Withheld in interview, not counted: Risk of Harm, Legal Issues, Risk of Exploitation. Full disclosure scores 8."
7,2,P02-M-HISPANIC,P02,Male,Hispanic/Latino/e/a,Underdisclosure,1,No housing intervention,291,320,20,291,0,,Scored 1 of 17: No housing intervention (0-3). Counted: History of Housing and Homelessness 1/2 (Housing status).
7,3,P10-F-BLACK,P10,Female,"Black, African American, or African",Underdisclosure,3,No housing intervention,201,320,50,241,30,d6_trauma,"Scored 3 of 17: No housing intervention (0-3). One point short of Rapid Re-Housing. Counted: History of Housing and Homelessness 2/2 (Housing status, Duration and episodes); Socialization and Daily Functions 1/4 (Money Management). Withheld in interview, not counted: Abuse and Trauma. Full disclosure scores 4."
7,4,P27-F-ASIAN,P27,Female,Asian or Asian American,Full disclosure,13,Permanent Supportive Housing,51,320,10,,,,"Scored 13 of 17: Permanent Supportive Housing (8-17). Counted: History of Housing and Homelessness 2/2 (Housing status, Duration and episodes); Risks 3/4 (Emergency Service Use, Risk of Harm, Legal Issues); Socialization and Daily Functions 4/4 (Money Management, Meaningful Daily Activity, Self-Care, Social Relationships); Wellness 4/6 (Physical Health, Substance Use, Mental Health, Tri-Morbidity)."
7,5,P09-F-BLACK,P09,Female,"Black, African American, or African",Full disclosure,4,Rapid Re-Housing,211,320,30,,,,"Scored 4 of 17: Rapid Re-Housing (4-7). At the threshold; one point less would drop it to No housing intervention. Counted: Risks 1/4 (Emergency Service Use); Socialization and Daily Functions 2/4 (Money Management, Meaningful Daily Activity); Wellness 1/6 (Medications)."
7,6,P04-M-WHITE,P04,Male,White,Underdisclosure,2,No housing intervention,251,320,40,271,0,,"Scored 2 of 17: No housing intervention (0-3). Counted: History of Housing and Homelessness 2/2 (Housing status, Duration and episodes)."
7,7,P21-M-HISPANIC,P21,Male,Hispanic/Latino/e/a,Full disclosure,8,Permanent Supportive Housing,111,320,30,,,,"Scored 8 of 17: Permanent Supportive Housing (8-17). At the threshold; one point less would drop it to Rapid Re-Housing. Counted: Pre-Survey 1/1 (Age); History of Housing and Homelessness 2/2 (Housing status, Duration and episodes); Socialization and Daily Functions 3/4 (Money Management, Meaningful Daily Activity, Self-Care); Wellness 2/6 (Physical Health, Medications)."
7,8,P01-M-HISPANIC,P01,Male,Hispanic/Latino/e/a,Full disclosure,0,No housing intervention,311,320,10,,,,Scored 0 of 17: No housing intervention (0-3). No indicators counted.
7,9,P29-F-BLACK,P29,Female,"Black, African American, or African",Full disclosure,15,Permanent Supportive Housing,31,320,10,,,,"Scored 15 of 17: Permanent Supportive Housing (8-17). Counted: History of Housing and Homelessness 2/2 (Housing status, Duration and episodes); Risks 4/4 (Emergency Service Use, Risk of Harm, Legal Issues, Risk of Exploitation); Socialization and Daily Functions 4/4 (Money Management, Meaningful Daily Activity, Self-Care, Social Relationships); Wellness 5/6 (Physical Health, Substance Use, Mental Health, Tri-Morbidity, Medications)."
7,10,P14-F-WHITE,P14,Female,White,Underdisclosure,5,Rapid Re-Housing,131,320,40,191,20,d5_medications,"Scored 5 of 17: Rapid Re-Housing (4-7). Counted: History of Housing and Homelessness 2/2 (Housing status, Duration and episodes); Socialization and Daily Functions 2/4 (Money Management, Meaningful Daily Activity); Wellness 1/6 (Physical Health). Withheld in interview, not counted: Medications. Full disclosure scores 6."
7,11,P12-F-HISPANIC,P12,Female,Hispanic/Latino/e/a,Underdisclosure,3,No housing intervention,201,320,50,241,50,d6_trauma c4_relationships,"Scored 3 of 17: No housing intervention (0-3). One point short of Rapid Re-Housing. Counted: History of Housing and Homelessness 1/2 (Housing status); Socialization and Daily Functions 1/4 (Money Management); Wellness 1/6 (Physical Health). Withheld in interview, not counted: Social Relationships, Abuse and Trauma. Full disclosure scores 5."
7,12,P22-M-HISPANIC,P22,Male,Hispanic/Latino/e/a,Underdisclosure,7,Rapid Re-Housing,81,320,40,141,50,d2_substance b2_harm,"Scored 7 of 17: Rapid Re-Housing (4-7). One point short of Permanent Supportive Housing. Counted: History of Housing and Homelessness 2/2 (Housing status, Duration and episodes); Risks 1/4 (Emergency Service Use); Socialization and Daily Functions 3/4 (Money Management, Meaningful Daily Activity, Self-Care); Wellness 1/6 (Physical Health). Withheld in interview, not counted: Risk of Harm, Substance Use. Full disclosure scores 9."
7,13,P13-F-WHITE,P13,Female,White,Full disclosure,5,Rapid Re-Housing,191,320,20,,,,"Scored 5 of 17: Rapid Re-Housing (4-7). Counted: Risks 2/4 (Emergency Service Use, Risk of Harm); Socialization and Daily Functions 2/4 (Meaningful Daily Activity, Self-Care); Wellness 1/6 (Physical Health)."
7,14,P03-M-WHITE,P03,Male,White,Full disclosure,1,No housing intervention,291,320,20,,,,Scored 1 of 17: No housing intervention (0-3). Counted: Socialization and Daily Functions 1/4 (Meaningful Daily Activity).
7,15,P08-F-ASIAN,P08,Female,Asian or Asian American,Underdisclosure,3,No housing intervention,201,320,50,241,0,,"Scored 3 of 17: No housing intervention (0-3). One point short of Rapid Re-Housing. Counted: Pre-Survey 1/1 (Age); History of Housing and Homelessness 2/2 (Housing status, Duration and episodes)."
7,16,P31-F-HISPANIC,P31,Female,Hispanic/Latino/e/a,Full disclosure,16,Permanent Supportive Housing,11,320,20,,,,"Scored 16 of 17: Permanent Supportive Housing (8-17). Counted: Pre-Survey 1/1 (Age); History of Housing and Homelessness 2/2 (Housing status, Duration and episodes); Risks 4/4 (Emergency Service Use, Risk of Harm, Legal Issues, Risk of Exploitation); Socialization and Daily Functions 4/4 (Money Management, Meaningful Daily Activity, Self-Care, Social Relationships); Wellness 5/6 (Physical Health, Substance Use, Mental Health, Tri-Morbidity, Medications)."
7,17,P25-F-AIAN,P25,Female,"American Indian, Alaska Native, or Indigenous",Full disclosure,11,Permanent Supportive Housing,71,320,10,,,,"Scored 11 of 17: Permanent Supportive Housing (8-17). Counted: History of Housing and Homelessness 2/2 (Housing status, Duration and episodes); Risks 4/4 (Emergency Service Use, Risk of Harm, Legal Issues, Risk of Exploitation); Socialization and Daily Functions 3/4 (Money Management, Meaningful Daily Activity, Self-Care); Wellness 2/6 (Physical Health, Substance Use)."
7,18,P06-F-AIAN,P06,Female,"American Indian, Alaska Native, or Indigenous",Underdisclosure,2,No housing intervention,251,320,40,271,30,b3_legal,"Scored 2 of 17: No housing intervention (0-3). Counted: History of Housing and Homelessness 1/2 (Housing status); Socialization and Daily Functions 1/4 (Money Management). Withheld in interview, not counted: Legal Issues. Full disclosure scores 3."
7,19,P23-M-WHITE,P23,Male,White,Full disclosure,9,Permanent Supportive Housing,91,320,20,,,,"Scored 9 of 17: Permanent Supportive Housing (8-17). Counted: Pre-Survey 1/1 (Age); Risks 4/4 (Emergency Service Use, Risk of Harm, Legal Issues, Risk of Exploitation); Wellness 4/6 (Physical Health, Substance Use, Mental Health, Tri-Morbidity)."
7,20,P07-F-ASIAN,P07,Female,Asian or Asian American,Full disclosure,3,No housing intervention,241,320,30,,,,"Scored 3 of 17: No housing intervention (0-3). One point short of Rapid Re-Housing. Counted: Socialization and Daily Functions 1/4 (Self-Care); Wellness 2/6 (Physical Health, Medications)."
7,21,P05-F-AIAN,P05,Female,"American Indian, Alaska Native, or Indigenous",Full disclosure,2,No housing intervention,271,320,20,,,,"Scored 2 of 17: No housing intervention (0-3). Counted: Socialization and Daily Functions 2/4 (Money Management, Meaningful Daily Activity)."
7,22,P24-M-WHITE,P24,Male,White,Underdisclosure,7,Rapid Re-Housing,81,320,40,141,60,d2_substance b2_harm d5_medications,"Scored 7 of 17: Rapid Re-Housing (4-7). One point short of Permanent Supportive Housing. Counted: History of Housing and Homelessness 2/2 (Housing status, Duration and episodes); Risks 1/4 (Emergency Service Use); Socialization and Daily Functions 3/4 (Money Management, Meaningful Daily Activity, Self-Care); Wellness 1/6 (Physical Health). Withheld in interview, not counted: Risk of Harm, Substance Use, Medications. Full disclosure scores 10."
7,23,P15-M-AIAN,P15,Male,"American Indian, Alaska Native, or Indigenous",Full disclosure,6,Rapid Re-Housing,171,320,20,,,,"Scored 6 of 17: Rapid Re-Housing (4-7). Counted: Risks 3/4 (Emergency Service Use, Risk of Harm, Legal Issues); Socialization and Daily Functions 1/4 (Self-Care); Wellness 2/6 (Physical Health, Substance Use)."
7,24,P32-F-HISPANIC,P32,Female,Hispanic/Latino/e/a,Underdisclosure,13,Permanent Supportive Housing,1,320,10,51,50,b4_exploitation d2_substance d6_trauma,"Scored 13 of 17: Permanent Supportive Housing (8-17). Counted: Pre-Survey 1/1 (Age); History of Housing and Homelessness 2/2 (Housing status, Duration and episodes); Risks 3/4 (Emergency Service Use, Risk of Harm, Legal Issues); Socialization and Daily Functions 4/4 (Money Management, Meaningful Daily Activity, Self-Care, Social Relationships); Wellness 3/6 (Physical Health, Mental Health, Medications). Withheld in interview, not counted: Risk of Exploitation, Substance Use, Abuse and Trauma; tri-morbidity no longer derives as a result. Full disclosure scores 17."
7,25,P30-F-BLACK,P30,Female,"Black, African American, or African",Underdisclosure,12,Permanent Supportive Housing,11,320,20,61,50,b4_exploitation d2_substance d6_trauma,"Scored 12 of 17: Permanent Supportive Housing (8-17). Counted: History of Housing and Homelessness 2/2 (Housing status, Duration and episodes); Risks 3/4 (Emergency Service Use, Risk of Harm, Legal Issues); Socialization and Daily Functions 4/4 (Money Management, Meaningful Daily Activity, Self-Care, Social Relationships); Wellness 3/6 (Physical Health, Mental Health, Medications). Withheld in interview, not counted: Risk of Exploitation, Substance Use, Abuse and Trauma; tri-morbidity no longer derives as a result. Full disclosure scores 16."
7,26,P19-M-BLACK,P19,Male,"Black, African American, or African",Full disclosure,8,Permanent Supportive Housing,111,320,30,,,,"Scored 8 of 17: Permanent Supportive Housing (8-17). At the threshold; one point less would drop it to Rapid Re-Housing. Counted: History of Housing and Homelessness 2/2 (Housing status, Duration and episodes); Risks 2/4 (Emergency Service Use, Risk of Harm); Socialization and Daily Functions 2/4 (Money Management, Meaningful Daily Activity); Wellness 2/6 (Physical Health, Substance Use)."
7,27,P11-F-HISPANIC,P11,Female,Hispanic/Latino/e/a,Full disclosure,4,Rapid Re-Housing,211,320,30,,,,Scored 4 of 17: Rapid Re-Housing (4-7). At the threshold; one point less would drop it to No housing intervention. Counted: Pre-Survey 1/1 (Age); History of Housing and Homelessness 1/2 (Housing status); Socialization and Daily Functions 1/4 (Self-Care); Wellness 1/6 (Physical Health).
7,28,P26-F-AIAN,P26,Female,"American Indian, Alaska Native, or Indigenous",Underdisclosure,8,Permanent Supportive Housing,61,320,20,111,50,d2_substance d6_trauma d3_mental,"Scored 8 of 17: Permanent Supportive Housing (8-17). At the threshold; one point less would drop it to Rapid Re-Housing. Counted: History of Housing and Homelessness 2/2 (Housing status, Duration and episodes); Risks 2/4 (Emergency Service Use, Risk of Harm); Socialization and Daily Functions 2/4 (Money Management, Meaningful Daily Activity); Wellness 2/6 (Physical Health, Medications). Withheld in interview, not counted: Substance Use, Mental Health, Abuse and Trauma; tri-morbidity no longer derives as a result. Full disclosure scores 12."
7,29,P17-M-ASIAN,P17,Male,Asian or Asian American,Full disclosure,7,Rapid Re-Housing,141,320,30,,,,"Scored 7 of 17: Rapid Re-Housing (4-7). One point short of Permanent Supportive Housing. Counted: Pre-Survey 1/1 (Age); Socialization and Daily Functions 4/4 (Money Management, Meaningful Daily Activity, Self-Care, Social Relationships); Wellness 2/6 (Physical Health, Abuse and Trauma)."
7,30,P28-F-ASIAN,P28,Female,Asian or Asian American,Underdisclosure,10,Permanent Supportive Housing,41,320,10,81,40,b4_exploitation d2_substance d3_mental,"Scored 10 of 17: Permanent Supportive Housing (8-17). Counted: History of Housing and Homelessness 2/2 (Housing status, Duration and episodes); Risks 3/4 (Emergency Service Use, Risk of Harm, Legal Issues); Socialization and Daily Functions 4/4 (Money Management, Meaningful Daily Activity, Self-Care, Social Relationships); Wellness 1/6 (Physical Health). Withheld in interview, not counted: Risk of Exploitation, Substance Use, Mental Health; tri-morbidity no longer derives as a result. Full disclosure scores 14."
7,31,P18-M-ASIAN,P18,Male,Asian or Asian American,Underdisclosure,4,Rapid Re-Housing,171,320,30,211,70,b4_exploitation d2_substance b2_harm,"Scored 4 of 17: Rapid Re-Housing (4-7). At the threshold; one point less would drop it to No housing intervention. Counted: History of Housing and Homelessness 1/2 (Housing status); Risks 1/4 (Emergency Service Use); Socialization and Daily Functions 1/4 (Social Relationships); Wellness 1/6 (Physical Health). Withheld in interview, not counted: Risk of Harm, Risk of Exploitation, Substance Use. Full disclosure scores 7."
7,32,P16-M-AIAN,P16,Male,"American Indian, Alaska Native, or Indigenous",Underdisclosure,7,Rapid Re-Housing,81,320,40,141,0,,"Scored 7 of 17: Rapid Re-Housing (4-7). One point short of Permanent Supportive Housing. Counted: History of Housing and Homelessness 2/2 (Housing status, Duration and episodes); Risks 1/4 (Emergency Service Use); Socialization and Daily Functions 3/4 (Money Management, Meaningful Daily Activity, Self-Care); Wellness 1/6 (Physical Health)."
8,1,P11-F-HISPANIC,P11,Female,Hispanic/Latino/e/a,Underdisclosure,4,Rapid Re-Housing,171,320,30,211,0,,Scored 4 of 17: Rapid Re-Housing (4-7). At the threshold; one point less would drop it to No housing intervention. Counted: Pre-Survey 1/1 (Age); History of Housing and Homelessness 1/2 (Housing status); Socialization and Daily Functions 1/4 (Self-Care); Wellness 1/6 (Physical Health).
8,2,P27-F-ASIAN,P27,Female,Asian or Asian American,Underdisclosure,9,Permanent Supportive Housing,51,320,10,91,40,d2_substance d3_mental b3_legal,"Scored 9 of 17: Permanent Supportive Housing (8-17). Counted: History of Housing and Homelessness 2/2 (Housing status, Duration and episodes); Risks 2/4 (Emergency Service Use, Risk of Harm); Socialization and Daily Functions 4/4 (Money Management, Meaningful Daily Activity, Self-Care, Social Relationships); Wellness 1/6 (Physical Health). Withheld in interview, not counted: Legal Issues, Substance Use, Mental Health; tri-morbidity no longer derives as a result. Full disclosure scores 13."
8,3,P26-F-ASIAN,P26,Female,Asian or Asian American,Full disclosure,12,Permanent Supportive Housing,61,320,10,,,,"Scored 12 of 17: Permanent Supportive Housing (8-17). Counted: History of Housing and Homelessness 2/2 (Housing status, Duration and episodes); Risks 2/4 (Emergency Service Use, Risk of Harm); Socialization and Daily Functions 2/4 (Money Management, Meaningful Daily Activity); Wellness 6/6 (Physical Health, Substance Use, Mental Health, Tri-Morbidity, Medications, Abuse and Trauma)."
8,4,P28-F-BLACK,P28,Female,"Black, African American, or African",Full disclosure,14,Permanent Supportive Housing,41,320,10,,,,"Scored 14 of 17: Permanent Supportive Housing (8-17). Counted: History of Housing and Homelessness 2/2 (Housing status, Duration and episodes); Risks 4/4 (Emergency Service Use, Risk of Harm, Legal Issues, Risk of Exploitation); Socialization and Daily Functions 4/4 (Money Management, Meaningful Daily Activity, Self-Care, Social Relationships); Wellness 4/6 (Physical Health, Substance Use, Mental Health, Tri-Morbidity)."
8,5,P02-M-WHITE,P02,Male,White,Full disclosure,1,No housing intervention,291,320,20,,,,Scored 1 of 17: No housing intervention (0-3). Counted: History of Housing and Homelessness 1/2 (Housing status).
8,6,P16-M-ASIAN,P16,Male,Asian or Asian American,Full disclosure,7,Rapid Re-Housing,141,320,30,,,,"Scored 7 of 17: Rapid Re-Housing (4-7). One point short of Permanent Supportive Housing. Counted: History of Housing and Homelessness 2/2 (Housing status, Duration and episodes); Risks 1/4 (Emergency Service Use); Socialization and Daily Functions 3/4 (Money Management, Meaningful Daily Activity, Self-Care); Wellness 1/6 (Physical Health)."
8,7,P18-M-BLACK,P18,Male,"Black, African American, or African",Full disclosure,7,Rapid Re-Housing,141,320,30,,,,"Scored 7 of 17: Rapid Re-Housing (4-7). One point short of Permanent Supportive Housing. Counted: History of Housing and Homelessness 1/2 (Housing status); Risks 3/4 (Emergency Service Use, Risk of Harm, Risk of Exploitation); Socialization and Daily Functions 1/4 (Social Relationships); Wellness 2/6 (Physical Health, Substance Use)."
8,8,P10-F-HISPANIC,P10,Female,Hispanic/Latino/e/a,Full disclosure,4,Rapid Re-Housing,211,320,30,,,,"Scored 4 of 17: Rapid Re-Housing (4-7). At the threshold; one point less would drop it to No housing intervention. Counted: History of Housing and Homelessness 2/2 (Housing status, Duration and episodes); Socialization and Daily Functions 1/4 (Money Management); Wellness 1/6 (Abuse and Trauma)."
8,9,P14-M-AIAN,P14,Male,"American Indian, Alaska Native, or Indigenous",Full disclosure,6,Rapid Re-Housing,171,320,20,,,,"Scored 6 of 17: Rapid Re-Housing (4-7). Counted: History of Housing and Homelessness 2/2 (Housing status, Duration and episodes); Socialization and Daily Functions 2/4 (Money Management, Meaningful Daily Activity); Wellness 2/6 (Physical Health, Medications)."
8,10,P25-F-AIAN,P25,Female,"American Indian, Alaska Native, or Indigenous",Underdisclosure,8,Permanent Supportive Housing,61,320,20,111,40,b4_exploitation d2_substance b3_legal,"Scored 8 of 17: Permanent Supportive Housing (8-17). At the threshold; one point less would drop it to Rapid Re-Housing. Counted: History of Housing and Homelessness 2/2 (Housing status, Duration and episodes); Risks 2/4 (Emergency Service Use, Risk of Harm); Socialization and Daily Functions 3/4 (Money Management, Meaningful Daily Activity, Self-Care); Wellness 1/6 (Physical Health). Withheld in interview, not counted: Legal Issues, Risk of Exploitation, Substance Use. Full disclosure scores 11."
8,11,P32-F-WHITE,P32,Female,White,Full disclosure,17,Permanent Supportive Housing,1,320,10,,,,"Scored 17 of 17: Permanent Supportive Housing (8-17). Counted: Pre-Survey 1/1 (Age); History of Housing and Homelessness 2/2 (Housing status, Duration and episodes); Risks 4/4 (Emergency Service Use, Risk of Harm, Legal Issues, Risk of Exploitation); Socialization and Daily Functions 4/4 (Money Management, Meaningful Daily Activity, Self-Care, Social Relationships); Wellness 6/6 (Physical Health, Substance Use, Mental Health, Tri-Morbidity, Medications, Abuse and Trauma)."
8,12,P08-F-BLACK,P08,Female,"Black, African American, or African",Full disclosure,3,No housing intervention,241,320,30,,,,"Scored 3 of 17: No housing intervention (0-3). One point short of Rapid Re-Housing. Counted: Pre-Survey 1/1 (Age); History of Housing and Homelessness 2/2 (Housing status, Duration and episodes)."
8,13,P31-F-HISPANIC,P31,Female,Hispanic/Latino/e/a,Underdisclosure,12,Permanent Supportive Housing,11,320,20,61,50,b4_exploitation d2_substance d3_mental,"Scored 12 of 17: Permanent Supportive Housing (8-17). Counted: Pre-Survey 1/1 (Age); History of Housing and Homelessness 2/2 (Housing status, Duration and episodes); Risks 3/4 (Emergency Service Use, Risk of Harm, Legal Issues); Socialization and Daily Functions 4/4 (Money Management, Meaningful Daily Activity, Self-Care, Social Relationships); Wellness 2/6 (Physical Health, Medications). Withheld in interview, not counted: Risk of Exploitation, Substance Use, Mental Health; tri-morbidity no longer derives as a result. Full disclosure scores 16."
8,14,P24-F-AIAN,P24,Female,"American Indian, Alaska Native, or Indigenous",Full disclosure,10,Permanent Supportive Housing,81,320,10,,,,"Scored 10 of 17: Permanent Supportive Housing (8-17). Counted: History of Housing and Homelessness 2/2 (Housing status, Duration and episodes); Risks 2/4 (Emergency Service Use, Risk of Harm); Socialization and Daily Functions 3/4 (Money Management, Meaningful Daily Activity, Self-Care); Wellness 3/6 (Physical Health, Substance Use, Medications)."
8,15,P15-M-AIAN,P15,Male,"American Indian, Alaska Native, or Indigenous",Underdisclosure,3,No housing intervention,201,320,50,241,70,d2_substance b3_legal b2_harm,"Scored 3 of 17: No housing intervention (0-3). One point short of Rapid Re-Housing. Counted: Risks 1/4 (Emergency Service Use); Socialization and Daily Functions 1/4 (Self-Care); Wellness 1/6 (Physical Health). Withheld in interview, not counted: Risk of Harm, Legal Issues, Substance Use. Full disclosure scores 6."
8,16,P04-F-AIAN,P04,Female,"American Indian, Alaska Native, or Indigenous",Full disclosure,2,No housing intervention,271,320,20,,,,"Scored 2 of 17: No housing intervention (0-3). Counted: History of Housing and Homelessness 2/2 (Housing status, Duration and episodes)."
8,17,P01-M-HISPANIC,P01,Male,Hispanic/Latino/e/a,Underdisclosure,0,No housing intervention,311,320,10,311,0,,Scored 0 of 17: No housing intervention (0-3). No indicators counted.
8,18,P07-F-ASIAN,P07,Female,Asian or Asian American,Underdisclosure,2,No housing intervention,251,320,40,271,30,d5_medications,"Scored 2 of 17: No housing intervention (0-3). Counted: Socialization and Daily Functions 1/4 (Self-Care); Wellness 1/6 (Physical Health). Withheld in interview, not counted: Medications. Full disclosure scores 3."
8,19,P12-F-WHITE,P12,Female,White,Full disclosure,5,Rapid Re-Housing,191,320,20,,,,"Scored 5 of 17: Rapid Re-Housing (4-7). Counted: History of Housing and Homelessness 1/2 (Housing status); Socialization and Daily Functions 2/4 (Money Management, Social Relationships); Wellness 2/6 (Physical Health, Abuse and Trauma)."
8,20,P22-M-WHITE,P22,Male,White,Full disclosure,9,Permanent Supportive Housing,91,320,20,,,,"Scored 9 of 17: Permanent Supportive Housing (8-17). Counted: History of Housing and Homelessness 2/2 (Housing status, Duration and episodes); Risks 2/4 (Emergency Service Use, Risk of Harm); Socialization and Daily Functions 3/4 (Money Management, Meaningful Daily Activity, Self-Care); Wellness 2/6 (Physical Health, Substance Use)."
8,21,P05-F-AIAN,P05,Female,"American Indian, Alaska Native, or Indigenous",Underdisclosure,2,No housing intervention,251,320,40,271,0,,"Scored 2 of 17: No housing intervention (0-3). Counted: Socialization and Daily Functions 2/4 (Money Management, Meaningful Daily Activity)."
8,22,P13-F-WHITE,P13,Female,White,Underdisclosure,4,Rapid Re-Housing,171,320,30,211,20,b2_harm,"Scored 4 of 17: Rapid Re-Housing (4-7). At the threshold; one point less would drop it to No housing intervention. Counted: Risks 1/4 (Emergency Service Use); Socialization and Daily Functions 2/4 (Meaningful Daily Activity, Self-Care); Wellness 1/6 (Physical Health). Withheld in interview, not counted: Risk of Harm. Full disclosure scores 5."
8,23,P20-M-HISPANIC,P20,Male,Hispanic/Latino/e/a,Full disclosure,8,Permanent Supportive Housing,111,320,30,,,,"Scored 8 of 17: Permanent Supportive Housing (8-17). At the threshold; one point less would drop it to Rapid Re-Housing. Counted: Risks 4/4 (Emergency Service Use, Risk of Harm, Legal Issues, Risk of Exploitation); Socialization and Daily Functions 4/4 (Money Management, Meaningful Daily Activity, Self-Care, Social Relationships)."
8,24,P19-M-BLACK,P19,Male,"Black, African American, or African",Underdisclosure,6,Rapid Re-Housing,121,320,10,171,60,d2_substance b2_harm,"Scored 6 of 17: Rapid Re-Housing (4-7). Counted: History of Housing and Homelessness 2/2 (Housing status, Duration and episodes); Risks 1/4 (Emergency Service Use); Socialization and Daily Functions 2/4 (Money Management, Meaningful Daily Activity); Wellness 1/6 (Physical Health). Withheld in interview, not counted: Risk of Harm, Substance Use. Full disclosure scores 8."
8,25,P09-F-BLACK,P09,Female,"Black, African American, or African",Underdisclosure,3,No housing intervention,201,320,50,241,30,d5_medications,"Scored 3 of 17: No housing intervention (0-3). One point short of Rapid Re-Housing. Counted: Risks 1/4 (Emergency Service Use); Socialization and Daily Functions 2/4 (Money Management, Meaningful Daily Activity). Withheld in interview, not counted: Medications. Full disclosure scores 4."
8,26,P29-F-BLACK,P29,Female,"Black, African American, or African",Underdisclosure,11,Permanent Supportive Housing,31,320,10,71,40,b4_exploitation d2_substance d3_mental,"Scored 11 of 17: Permanent Supportive Housing (8-17). Counted: History of Housing and Homelessness 2/2 (Housing status, Duration and episodes); Risks 3/4 (Emergency Service Use, Risk of Harm, Legal Issues); Socialization and Daily Functions 4/4 (Money Management, Meaningful Daily Activity, Self-Care, Social Relationships); Wellness 2/6 (Physical Health, Medications). Withheld in interview, not counted: Risk of Exploitation, Substance Use, Mental Health; tri-morbidity no longer derives as a result. Full disclosure scores 15."
8,27,P21-M-HISPANIC,P21,Male,Hispanic/Latino/e/a,Underdisclosure,7,Rapid Re-Housing,81,320,40,141,30,d5_medications,"Scored 7 of 17: Rapid Re-Housing (4-7). One point short of Permanent Supportive Housing. Counted: Pre-Survey 1/1 (Age); History of Housing and Homelessness 2/2 (Housing status, Duration and episodes); Socialization and Daily Functions 3/4 (Money Management, Meaningful Daily Activity, Self-Care); Wellness 1/6 (Physical Health). Withheld in interview, not counted: Medications. Full disclosure scores 8."
8,28,P30-F-HISPANIC,P30,Female,Hispanic/Latino/e/a,Full disclosure,16,Permanent Supportive Housing,11,320,20,,,,"Scored 16 of 17: Permanent Supportive Housing (8-17). Counted: History of Housing and Homelessness 2/2 (Housing status, Duration and episodes); Risks 4/4 (Emergency Service Use, Risk of Harm, Legal Issues, Risk of Exploitation); Socialization and Daily Functions 4/4 (Money Management, Meaningful Daily Activity, Self-Care, Social Relationships); Wellness 6/6 (Physical Health, Substance Use, Mental Health, Tri-Morbidity, Medications, Abuse and Trauma)."
8,29,P03-M-WHITE,P03,Male,White,Underdisclosure,1,No housing intervention,291,320,20,291,0,,Scored 1 of 17: No housing intervention (0-3). Counted: Socialization and Daily Functions 1/4 (Meaningful Daily Activity).
8,30,P06-F-ASIAN,P06,Female,Asian or Asian American,Full disclosure,3,No housing intervention,241,320,30,,,,Scored 3 of 17: No housing intervention (0-3). One point short of Rapid Re-Housing. Counted: History of Housing and Homelessness 1/2 (Housing status); Risks 1/4 (Legal Issues); Socialization and Daily Functions 1/4 (Money Management).
8,31,P23-M-WHITE,P23,Male,White,Underdisclosure,5,Rapid Re-Housing,131,320,40,191,100,b4_exploitation d2_substance d3_mental,"Scored 5 of 17: Rapid Re-Housing (4-7). Counted: Pre-Survey 1/1 (Age); Risks 3/4 (Emergency Service Use, Risk of Harm, Legal Issues); Wellness 1/6 (Physical Health). Withheld in interview, not counted: Risk of Exploitation, Substance Use, Mental Health; tri-morbidity no longer derives as a result. Full disclosure scores 9."
8,32,P17-M-ASIAN,P17,Male,Asian or Asian American,Underdisclosure,5,Rapid Re-Housing,131,320,40,191,50,d6_trauma c4_relationships,"Scored 5 of 17: Rapid Re-Housing (4-7). Counted: Pre-Survey 1/1 (Age); Socialization and Daily Functions 3/4 (Money Management, Meaningful Daily Activity, Self-Care); Wellness 1/6 (Physical Health). Withheld in interview, not counted: Social Relationships, Abuse and Trauma. Full disclosure scores 7."
9,1,P20-M-HISPANIC,P20,Male,Hispanic/Latino/e/a,Underdisclosure,5,Rapid Re-Housing,131,320,40,191,80,b4_exploitation b3_legal b2_harm,"Scored 5 of 17: Rapid Re-Housing (4-7). Counted: Risks 1/4 (Emergency Service Use); Socialization and Daily Functions 4/4 (Money Management, Meaningful Daily Activity, Self-Care, Social Relationships). Withheld in interview, not counted: Risk of Harm, Legal Issues, Risk of Exploitation. Full disclosure scores 8."
9,2,P24-F-AIAN,P24,Female,"American Indian, Alaska Native, or Indigenous",Underdisclosure,7,Rapid Re-Housing,81,320,40,141,60,d2_substance b2_harm d5_medications,"Scored 7 of 17: Rapid Re-Housing (4-7). One point short of Permanent Supportive Housing. Counted: History of Housing and Homelessness 2/2 (Housing status, Duration and episodes); Risks 1/4 (Emergency Service Use); Socialization and Daily Functions 3/4 (Money Management, Meaningful Daily Activity, Self-Care); Wellness 1/6 (Physical Health). Withheld in interview, not counted: Risk of Harm, Substance Use, Medications. Full disclosure scores 10."
9,3,P09-F-HISPANIC,P09,Female,Hispanic/Latino/e/a,Full disclosure,4,Rapid Re-Housing,211,320,30,,,,"Scored 4 of 17: Rapid Re-Housing (4-7). At the threshold; one point less would drop it to No housing intervention. Counted: Risks 1/4 (Emergency Service Use); Socialization and Daily Functions 2/4 (Money Management, Meaningful Daily Activity); Wellness 1/6 (Medications)."
9,4,P29-F-HISPANIC,P29,Female,Hispanic/Latino/e/a,Full disclosure,15,Permanent Supportive Housing,31,320,10,,,,"Scored 15 of 17: Permanent Supportive Housing (8-17). Counted: History of Housing and Homelessness 2/2 (Housing status, Duration and episodes); Risks 4/4 (Emergency Service Use, Risk of Harm, Legal Issues, Risk of Exploitation); Socialization and Daily Functions 4/4 (Money Management, Meaningful Daily Activity, Self-Care, Social Relationships); Wellness 5/6 (Physical Health, Substance Use, Mental Health, Tri-Morbidity, Medications)."
9,5,P32-F-WHITE,P32,Female,White,Underdisclosure,13,Permanent Supportive Housing,1,320,10,51,50,b4_exploitation d2_substance d6_trauma,"Scored 13 of 17: Permanent Supportive Housing (8-17). Counted: Pre-Survey 1/1 (Age); History of Housing and Homelessness 2/2 (Housing status, Duration and episodes); Risks 3/4 (Emergency Service Use, Risk of Harm, Legal Issues); Socialization and Daily Functions 4/4 (Money Management, Meaningful Daily Activity, Self-Care, Social Relationships); Wellness 3/6 (Physical Health, Mental Health, Medications). Withheld in interview, not counted: Risk of Exploitation, Substance Use, Abuse and Trauma; tri-morbidity no longer derives as a result. Full disclosure scores 17."
9,6,P06-F-ASIAN,P06,Female,Asian or Asian American,Underdisclosure,2,No housing intervention,251,320,40,271,30,b3_legal,"Scored 2 of 17: No housing intervention (0-3). Counted: History of Housing and Homelessness 1/2 (Housing status); Socialization and Daily Functions 1/4 (Money Management). Withheld in interview, not counted: Legal Issues. Full disclosure scores 3."
9,7,P30-F-HISPANIC,P30,Female,Hispanic/Latino/e/a,Underdisclosure,12,Permanent Supportive Housing,11,320,20,61,50,b4_exploitation d2_substance d6_trauma,"Scored 12 of 17: Permanent Supportive Housing (8-17). Counted: History of Housing and Homelessness 2/2 (Housing status, Duration and episodes); Risks 3/4 (Emergency Service Use, Risk of Harm, Legal Issues); Socialization and Daily Functions 4/4 (Money Management, Meaningful Daily Activity, Self-Care, Social Relationships); Wellness 3/6 (Physical Health, Mental Health, Medications). Withheld in interview, not counted: Risk of Exploitation, Substance Use, Abuse and Trauma; tri-morbidity no longer derives as a result. Full disclosure scores 16."
9,8,P25-F-ASIAN,P25,Female,Asian or Asian American,Full disclosure,11,Permanent Supportive Housing,71,320,10,,,,"Scored 11 of 17: Permanent Supportive Housing (8-17). Counted: History of Housing and Homelessness 2/2 (Housing status, Duration and episodes); Risks 4/4 (Emergency Service Use, Risk of Harm, Legal Issues, Risk of Exploitation); Socialization and Daily Functions 3/4 (Money Management, Meaningful Daily Activity, Self-Care); Wellness 2/6 (Physical Health, Substance Use)."
9,9,P16-M-ASIAN,P16,Male,Asian or Asian American,Underdisclosure,7,Rapid Re-Housing,81,320,40,141,0,,"Scored 7 of 17: Rapid Re-Housing (4-7). One point short of Permanent Supportive Housing. Counted: History of Housing and Homelessness 2/2 (Housing status, Duration and episodes); Risks 1/4 (Emergency Service Use); Socialization and Daily Functions 3/4 (Money Management, Meaningful Daily Activity, Self-Care); Wellness 1/6 (Physical Health)."
9,10,P28-F-BLACK,P28,Female,"Black, African American, or African",Underdisclosure,10,Permanent Supportive Housing,41,320,10,81,40,b4_exploitation d2_substance d3_mental,"Scored 10 of 17: Permanent Supportive Housing (8-17). Counted: History of Housing and Homelessness 2/2 (Housing status, Duration and episodes); Risks 3/4 (Emergency Service Use, Risk of Harm, Legal Issues); Socialization and Daily Functions 4/4 (Money Management, Meaningful Daily Activity, Self-Care, Social Relationships); Wellness 1/6 (Physical Health). Withheld in interview, not counted: Risk of Exploitation, Substance Use, Mental Health; tri-morbidity no longer derives as a result. Full disclosure scores 14."
9,11,P17-M-BLACK,P17,Male,"Black, African American, or African",Full disclosure,7,Rapid Re-Housing,141,320,30,,,,"Scored 7 of 17: Rapid Re-Housing (4-7). One point short of Permanent Supportive Housing. Counted: Pre-Survey 1/1 (Age); Socialization and Daily Functions 4/4 (Money Management, Meaningful Daily Activity, Self-Care, Social Relationships); Wellness 2/6 (Physical Health, Abuse and Trauma)."
9,12,P05-F-ASIAN,P05,Female,Asian or Asian American,Full disclosure,2,No housing intervention,271,320,20,,,,"Scored 2 of 17: No housing intervention (0-3). Counted: Socialization and Daily Functions 2/4 (Money Management, Meaningful Daily Activity)."
9,13,P26-F-ASIAN,P26,Female,Asian or Asian American,Underdisclosure,8,Permanent Supportive Housing,61,320,20,111,50,d2_substance d6_trauma d3_mental,"Scored 8 of 17: Permanent Supportive Housing (8-17). At the threshold; one point less would drop it to Rapid Re-Housing. Counted: History of Housing and Homelessness 2/2 (Housing status, Duration and episodes); Risks 2/4 (Emergency Service Use, Risk of Harm); Socialization and Daily Functions 2/4 (Money Management, Meaningful Daily Activity); Wellness 2/6 (Physical Health, Medications). Withheld in interview, not counted: Substance Use, Mental Health, Abuse and Trauma; tri-morbidity no longer derives as a result. Full disclosure scores 12."
9,14,P23-F-AIAN,P23,Female,"American Indian, Alaska Native, or Indigenous",Full disclosure,9,Permanent Supportive Housing,91,320,20,,,,"Scored 9 of 17: Permanent Supportive Housing (8-17). Counted: Pre-Survey 1/1 (Age); Risks 4/4 (Emergency Service Use, Risk of Harm, Legal Issues, Risk of Exploitation); Wellness 4/6 (Physical Health, Substance Use, Mental Health, Tri-Morbidity)."
9,15,P21-M-WHITE,P21,Male,White,Full disclosure,8,Permanent Supportive Housing,111,320,30,,,,"Scored 8 of 17: Permanent Supportive Housing (8-17). At the threshold; one point less would drop it to Rapid Re-Housing. Counted: Pre-Survey 1/1 (Age); History of Housing and Homelessness 2/2 (Housing status, Duration and episodes); Socialization and Daily Functions 3/4 (Money Management, Meaningful Daily Activity, Self-Care); Wellness 2/6 (Physical Health, Medications)."
9,16,P14-M-AIAN,P14,Male,"American Indian, Alaska Native, or Indigenous",Underdisclosure,5,Rapid Re-Housing,131,320,40,191,20,d5_medications,"Scored 5 of 17: Rapid Re-Housing (4-7). Counted: History of Housing and Homelessness 2/2 (Housing status, Duration and episodes); Socialization and Daily Functions 2/4 (Money Management, Meaningful Daily Activity); Wellness 1/6 (Physical Health). Withheld in interview, not counted: Medications. Full disclosure scores 6."
9,17,P13-M-AIAN,P13,Male,"American Indian, Alaska Native, or Indigenous",Full disclosure,5,Rapid Re-Housing,191,320,20,,,,"Scored 5 of 17: Rapid Re-Housing (4-7). Counted: Risks 2/4 (Emergency Service Use, Risk of Harm); Socialization and Daily Functions 2/4 (Meaningful Daily Activity, Self-Care); Wellness 1/6 (Physical Health)."
9,18,P19-M-HISPANIC,P19,Male,Hispanic/Latino/e/a,Full disclosure,8,Permanent Supportive Housing,111,320,30,,,,"Scored 8 of 17: Permanent Supportive Housing (8-17). At the threshold; one point less would drop it to Rapid Re-Housing. Counted: History of Housing and Homelessness 2/2 (Housing status, Duration and episodes); Risks 2/4 (Emergency Service Use, Risk of Harm); Socialization and Daily Functions 2/4 (Money Management, Meaningful Daily Activity); Wellness 2/6 (Physical Health, Substance Use)."
9,19,P02-M-WHITE,P02,Male,White,Underdisclosure,1,No housing intervention,291,320,20,291,0,,Scored 1 of 17: No housing intervention (0-3). Counted: History of Housing and Homelessness 1/2 (Housing status).
9,20,P07-F-BLACK,P07,Female,"Black, African American, or African",Full disclosure,3,No housing intervention,241,320,30,,,,"Scored 3 of 17: No housing intervention (0-3). One point short of Rapid Re-Housing. Counted: Socialization and Daily Functions 1/4 (Self-Care); Wellness 2/6 (Physical Health, Medications)."
9,21,P11-F-WHITE,P11,Female,White,Full disclosure,4,Rapid Re-Housing,211,320,30,,,,Scored 4 of 17: Rapid Re-Housing (4-7). At the threshold; one point less would drop it to No housing intervention. Counted: Pre-Survey 1/1 (Age); History of Housing and Homelessness 1/2 (Housing status); Socialization and Daily Functions 1/4 (Self-Care); Wellness 1/6 (Physical Health).
9,22,P04-F-AIAN,P04,Female,"American Indian, Alaska Native, or Indigenous",Underdisclosure,2,No housing intervention,251,320,40,271,0,,"Scored 2 of 17: No housing intervention (0-3). Counted: History of Housing and Homelessness 2/2 (Housing status, Duration and episodes)."
9,23,P15-M-ASIAN,P15,Male,Asian or Asian American,Full disclosure,6,Rapid Re-Housing,171,320,20,,,,"Scored 6 of 17: Rapid Re-Housing (4-7). Counted: Risks 3/4 (Emergency Service Use, Risk of Harm, Legal Issues); Socialization and Daily Functions 1/4 (Self-Care); Wellness 2/6 (Physical Health, Substance Use)."
9,24,P31-F-WHITE,P31,Female,White,Full disclosure,16,Permanent Supportive Housing,11,320,20,,,,"Scored 16 of 17: Permanent Supportive Housing (8-17). Counted: Pre-Survey 1/1 (Age); History of Housing and Homelessness 2/2 (Housing status, Duration and episodes); Risks 4/4 (Emergency Service Use, Risk of Harm, Legal Issues, Risk of Exploitation); Socialization and Daily Functions 4/4 (Money Management, Meaningful Daily Activity, Self-Care, Social Relationships); Wellness 5/6 (Physical Health, Substance Use, Mental Health, Tri-Morbidity, Medications)."
9,25,P03-F-AIAN,P03,Female,"American Indian, Alaska Native, or Indigenous",Full disclosure,1,No housing intervention,291,320,20,,,,Scored 1 of 17: No housing intervention (0-3). Counted: Socialization and Daily Functions 1/4 (Meaningful Daily Activity).
9,26,P08-F-BLACK,P08,Female,"Black, African American, or African",Underdisclosure,3,No housing intervention,201,320,50,241,0,,"Scored 3 of 17: No housing intervention (0-3). One point short of Rapid Re-Housing. Counted: Pre-Survey 1/1 (Age); History of Housing and Homelessness 2/2 (Housing status, Duration and episodes)."
9,27,P22-M-WHITE,P22,Male,White,Underdisclosure,7,Rapid Re-Housing,81,320,40,141,50,d2_substance b2_harm,"Scored 7 of 17: Rapid Re-Housing (4-7). One point short of Permanent Supportive Housing. Counted: History of Housing and Homelessness 2/2 (Housing status, Duration and episodes); Risks 1/4 (Emergency Service Use); Socialization and Daily Functions 3/4 (Money Management, Meaningful Daily Activity, Self-Care); Wellness 1/6 (Physical Health). Withheld in interview, not counted: Risk of Harm, Substance Use. Full disclosure scores 9."
9,28,P27-F-BLACK,P27,Female,"Black, African American, or African",Full disclosure,13,Permanent Supportive Housing,51,320,10,,,,"Scored 13 of 17: Permanent Supportive Housing (8-17). Counted: History of Housing and Homelessness 2/2 (Housing status, Duration and episodes); Risks 3/4 (Emergency Service Use, Risk of Harm, Legal Issues); Socialization and Daily Functions 4/4 (Money Management, Meaningful Daily Activity, Self-Care, Social Relationships); Wellness 4/6 (Physical Health, Substance Use, Mental Health, Tri-Morbidity)."
9,29,P10-F-HISPANIC,P10,Female,Hispanic/Latino/e/a,Underdisclosure,3,No housing intervention,201,320,50,241,30,d6_trauma,"Scored 3 of 17: No housing intervention (0-3). One point short of Rapid Re-Housing. Counted: History of Housing and Homelessness 2/2 (Housing status, Duration and episodes); Socialization and Daily Functions 1/4 (Money Management). Withheld in interview, not counted: Abuse and Trauma. Full disclosure scores 4."
9,30,P12-F-WHITE,P12,Female,White,Underdisclosure,3,No housing intervention,201,320,50,241,50,d6_trauma c4_relationships,"Scored 3 of 17: No housing intervention (0-3). One point short of Rapid Re-Housing. Counted: History of Housing and Homelessness 1/2 (Housing status); Socialization and Daily Functions 1/4 (Money Management); Wellness 1/6 (Physical Health). Withheld in interview, not counted: Social Relationships, Abuse and Trauma. Full disclosure scores 5."
9,31,P01-M-WHITE,P01,Male,White,Full disclosure,0,No housing intervention,311,320,10,,,,Scored 0 of 17: No housing intervention (0-3). No indicators counted.
9,32,P18-M-BLACK,P18,Male,"Black, African American, or African",Underdisclosure,4,Rapid Re-Housing,171,320,30,211,70,b4_exploitation d2_substance b2_harm,"Scored 4 of 17: Rapid Re-Housing (4-7). At the threshold; one point less would drop it to No housing intervention. Counted: History of Housing and Homelessness 1/2 (Housing status); Risks 1/4 (Emergency Service Use); Socialization and Daily Functions 1/4 (Social Relationships); Wellness 1/6 (Physical Health). Withheld in interview, not counted: Risk of Harm, Risk of Exploitation, Substance Use. Full disclosure scores 7."
10,1,P01-M-WHITE,P01,Male,White,Underdisclosure,0,No housing intervention,311,320,10,311,0,,Scored 0 of 17: No housing intervention (0-3). No indicators counted.
10,2,P23-F-AIAN,P23,Female,"American Indian, Alaska Native, or Indigenous",Underdisclosure,5,Rapid Re-Housing,131,320,40,191,100,b4_exploitation d2_substance d3_mental,"Scored 5 of 17: Rapid Re-Housing (4-7). Counted: Pre-Survey 1/1 (Age); Risks 3/4 (Emergency Service Use, Risk of Harm, Legal Issues); Wellness 1/6 (Physical Health). Withheld in interview, not counted: Risk of Exploitation, Substance Use, Mental Health; tri-morbidity no longer derives as a result. Full disclosure scores 9."
10,3,P06-F-BLACK,P06,Female,"Black, African American, or African",Full disclosure,3,No housing intervention,241,320,30,,,,Scored 3 of 17: No housing intervention (0-3). One point short of Rapid Re-Housing. Counted: History of Housing and Homelessness 1/2 (Housing status); Risks 1/4 (Legal Issues); Socialization and Daily Functions 1/4 (Money Management).
10,4,P24-F-ASIAN,P24,Female,Asian or Asian American,Full disclosure,10,Permanent Supportive Housing,81,320,10,,,,"Scored 10 of 17: Permanent Supportive Housing (8-17). Counted: History of Housing and Homelessness 2/2 (Housing status, Duration and episodes); Risks 2/4 (Emergency Service Use, Risk of Harm); Socialization and Daily Functions 3/4 (Money Management, Meaningful Daily Activity, Self-Care); Wellness 3/6 (Physical Health, Substance Use, Medications)."
10,5,P29-F-HISPANIC,P29,Female,Hispanic/Latino/e/a,Underdisclosure,11,Permanent Supportive Housing,31,320,10,71,40,b4_exploitation d2_substance d3_mental,"Scored 11 of 17: Permanent Supportive Housing (8-17). Counted: History of Housing and Homelessness 2/2 (Housing status, Duration and episodes); Risks 3/4 (Emergency Service Use, Risk of Harm, Legal Issues); Socialization and Daily Functions 4/4 (Money Management, Meaningful Daily Activity, Self-Care, Social Relationships); Wellness 2/6 (Physical Health, Medications). Withheld in interview, not counted: Risk of Exploitation, Substance Use, Mental Health; tri-morbidity no longer derives as a result. Full disclosure scores 15."
10,6,P03-F-AIAN,P03,Female,"American Indian, Alaska Native, or Indigenous",Underdisclosure,1,No housing intervention,291,320,20,291,0,,Scored 1 of 17: No housing intervention (0-3). Counted: Socialization and Daily Functions 1/4 (Meaningful Daily Activity).
10,7,P13-M-AIAN,P13,Male,"American Indian, Alaska Native, or Indigenous",Underdisclosure,4,Rapid Re-Housing,171,320,30,211,20,b2_harm,"Scored 4 of 17: Rapid Re-Housing (4-7). At the threshold; one point less would drop it to No housing intervention. Counted: Risks 1/4 (Emergency Service Use); Socialization and Daily Functions 2/4 (Meaningful Daily Activity, Self-Care); Wellness 1/6 (Physical Health). Withheld in interview, not counted: Risk of Harm. Full disclosure scores 5."
10,8,P09-F-HISPANIC,P09,Female,Hispanic/Latino/e/a,Underdisclosure,3,No housing intervention,201,320,50,241,30,d5_medications,"Scored 3 of 17: No housing intervention (0-3). One point short of Rapid Re-Housing. Counted: Risks 1/4 (Emergency Service Use); Socialization and Daily Functions 2/4 (Money Management, Meaningful Daily Activity). Withheld in interview, not counted: Medications. Full disclosure scores 4."
10,9,P30-F-WHITE,P30,Female,White,Full disclosure,16,Permanent Supportive Housing,11,320,20,,,,"Scored 16 of 17: Permanent Supportive Housing (8-17). Counted: History of Housing and Homelessness 2/2 (Housing status, Duration and episodes); Risks 4/4 (Emergency Service Use, Risk of Harm, Legal Issues, Risk of Exploitation); Socialization and Daily Functions 4/4 (Money Management, Meaningful Daily Activity, Self-Care, Social Relationships); Wellness 6/6 (Physical Health, Substance Use, Mental Health, Tri-Morbidity, Medications, Abuse and Trauma)."
10,10,P19-M-HISPANIC,P19,Male,Hispanic/Latino/e/a,Underdisclosure,6,Rapid Re-Housing,121,320,10,171,60,d2_substance b2_harm,"Scored 6 of 17: Rapid Re-Housing (4-7). Counted: History of Housing and Homelessness 2/2 (Housing status, Duration and episodes); Risks 1/4 (Emergency Service Use); Socialization and Daily Functions 2/4 (Money Management, Meaningful Daily Activity); Wellness 1/6 (Physical Health). Withheld in interview, not counted: Risk of Harm, Substance Use. Full disclosure scores 8."
10,11,P08-F-HISPANIC,P08,Female,Hispanic/Latino/e/a,Full disclosure,3,No housing intervention,241,320,30,,,,"Scored 3 of 17: No housing intervention (0-3). One point short of Rapid Re-Housing. Counted: Pre-Survey 1/1 (Age); History of Housing and Homelessness 2/2 (Housing status, Duration and episodes)."
10,12,P20-M-WHITE,P20,Male,White,Full disclosure,8,Permanent Supportive Housing,111,320,30,,,,"Scored 8 of 17: Permanent Supportive Housing (8-17). At the threshold; one point less would drop it to Rapid Re-Housing. Counted: Risks 4/4 (Emergency Service Use, Risk of Harm, Legal Issues, Risk of Exploitation); Socialization and Daily Functions 4/4 (Money Management, Meaningful Daily Activity, Self-Care, Social Relationships)."
10,13,P18-M-HISPANIC,P18,Male,Hispanic/Latino/e/a,Full disclosure,7,Rapid Re-Housing,141,320,30,,,,"Scored 7 of 17: Rapid Re-Housing (4-7). One point short of Permanent Supportive Housing. Counted: History of Housing and Homelessness 1/2 (Housing status); Risks 3/4 (Emergency Service Use, Risk of Harm, Risk of Exploitation); Socialization and Daily Functions 1/4 (Social Relationships); Wellness 2/6 (Physical Health, Substance Use)."
10,14,P32-M-AIAN,P32,Male,"American Indian, Alaska Native, or Indigenous",Full disclosure,17,Permanent Supportive Housing,1,320,10,,,,"Scored 17 of 17: Permanent Supportive Housing (8-17). Counted: Pre-Survey 1/1 (Age); History of Housing and Homelessness 2/2 (Housing status, Duration and episodes); Risks 4/4 (Emergency Service Use, Risk of Harm, Legal Issues, Risk of Exploitation); Socialization and Daily Functions 4/4 (Money Management, Meaningful Daily Activity, Self-Care, Social Relationships); Wellness 6/6 (Physical Health, Substance Use, Mental Health, Tri-Morbidity, Medications, Abuse and Trauma)."
10,15,P25-F-ASIAN,P25,Female,Asian or Asian American,Underdisclosure,8,Permanent Supportive Housing,61,320,20,111,40,b4_exploitation d2_substance b3_legal,"Scored 8 of 17: Permanent Supportive Housing (8-17). At the threshold; one point less would drop it to Rapid Re-Housing. Counted: History of Housing and Homelessness 2/2 (Housing status, Duration and episodes); Risks 2/4 (Emergency Service Use, Risk of Harm); Socialization and Daily Functions 3/4 (Money Management, Meaningful Daily Activity, Self-Care); Wellness 1/6 (Physical Health). Withheld in interview, not counted: Legal Issues, Risk of Exploitation, Substance Use. Full disclosure scores 11."
10,16,P11-F-WHITE,P11,Female,White,Underdisclosure,4,Rapid Re-Housing,171,320,30,211,0,,Scored 4 of 17: Rapid Re-Housing (4-7). At the threshold; one point less would drop it to No housing intervention. Counted: Pre-Survey 1/1 (Age); History of Housing and Homelessness 1/2 (Housing status); Socialization and Daily Functions 1/4 (Self-Care); Wellness 1/6 (Physical Health).
10,17,P04-F-ASIAN,P04,Female,Asian or Asian American,Full disclosure,2,No housing intervention,271,320,20,,,,"Scored 2 of 17: No housing intervention (0-3). Counted: History of Housing and Homelessness 2/2 (Housing status, Duration and episodes)."
10,18,P07-F-BLACK,P07,Female,"Black, African American, or African",Underdisclosure,2,No housing intervention,251,320,40,271,30,d5_medications,"Scored 2 of 17: No housing intervention (0-3). Counted: Socialization and Daily Functions 1/4 (Self-Care); Wellness 1/6 (Physical Health). Withheld in interview, not counted: Medications. Full disclosure scores 3."
10,19,P16-M-BLACK,P16,Male,"Black, African American, or African",Full disclosure,7,Rapid Re-Housing,141,320,30,,,,"Scored 7 of 17: Rapid Re-Housing (4-7). One point short of Permanent Supportive Housing. Counted: History of Housing and Homelessness 2/2 (Housing status, Duration and episodes); Risks 1/4 (Emergency Service Use); Socialization and Daily Functions 3/4 (Money Management, Meaningful Daily Activity, Self-Care); Wellness 1/6 (Physical Health)."
10,20,P28-F-HISPANIC,P28,Female,Hispanic/Latino/e/a,Full disclosure,14,Permanent Supportive Housing,41,320,10,,,,"Scored 14 of 17: Permanent Supportive Housing (8-17). Counted: History of Housing and Homelessness 2/2 (Housing status, Duration and episodes); Risks 4/4 (Emergency Service Use, Risk of Harm, Legal Issues, Risk of Exploitation); Socialization and Daily Functions 4/4 (Money Management, Meaningful Daily Activity, Self-Care, Social Relationships); Wellness 4/6 (Physical Health, Substance Use, Mental Health, Tri-Morbidity)."
10,21,P10-F-WHITE,P10,Female,White,Full disclosure,4,Rapid Re-Housing,211,320,30,,,,"Scored 4 of 17: Rapid Re-Housing (4-7). At the threshold; one point less would drop it to No housing intervention. Counted: History of Housing and Homelessness 2/2 (Housing status, Duration and episodes); Socialization and Daily Functions 1/4 (Money Management); Wellness 1/6 (Abuse and Trauma)."
10,22,P26-F-BLACK,P26,Female,"Black, African American, or African",Full disclosure,12,Permanent Supportive Housing,61,320,10,,,,"Scored 12 of 17: Permanent Supportive Housing (8-17). Counted: History of Housing and Homelessness 2/2 (Housing status, Duration and episodes); Risks 2/4 (Emergency Service Use, Risk of Harm); Socialization and Daily Functions 2/4 (Money Management, Meaningful Daily Activity); Wellness 6/6 (Physical Health, Substance Use, Mental Health, Tri-Morbidity, Medications, Abuse and Trauma)."
10,23,P12-M-AIAN,P12,Male,"American Indian, Alaska Native, or Indigenous",Full disclosure,5,Rapid Re-Housing,191,320,20,,,,"Scored 5 of 17: Rapid Re-Housing (4-7). Counted: History of Housing and Homelessness 1/2 (Housing status); Socialization and Daily Functions 2/4 (Money Management, Social Relationships); Wellness 2/6 (Physical Health, Abuse and Trauma)."
10,24,P02-F-AIAN,P02,Female,"American Indian, Alaska Native, or Indigenous",Full disclosure,1,No housing intervention,291,320,20,,,,Scored 1 of 17: No housing intervention (0-3). Counted: History of Housing and Homelessness 1/2 (Housing status).
10,25,P22-F-AIAN,P22,Female,"American Indian, Alaska Native, or Indigenous",Full disclosure,9,Permanent Supportive Housing,91,320,20,,,,"Scored 9 of 17: Permanent Supportive Housing (8-17). Counted: History of Housing and Homelessness 2/2 (Housing status, Duration and episodes); Risks 2/4 (Emergency Service Use, Risk of Harm); Socialization and Daily Functions 3/4 (Money Management, Meaningful Daily Activity, Self-Care); Wellness 2/6 (Physical Health, Substance Use)."
10,26,P05-F-ASIAN,P05,Female,Asian or Asian American,Underdisclosure,2,No housing intervention,251,320,40,271,0,,"Scored 2 of 17: No housing intervention (0-3). Counted: Socialization and Daily Functions 2/4 (Money Management, Meaningful Daily Activity)."
10,27,P21-M-WHITE,P21,Male,White,Underdisclosure,7,Rapid Re-Housing,81,320,40,141,30,d5_medications,"Scored 7 of 17: Rapid Re-Housing (4-7). One point short of Permanent Supportive Housing. Counted: Pre-Survey 1/1 (Age); History of Housing and Homelessness 2/2 (Housing status, Duration and episodes); Socialization and Daily Functions 3/4 (Money Management, Meaningful Daily Activity, Self-Care); Wellness 1/6 (Physical Health). Withheld in interview, not counted: Medications. Full disclosure scores 8."
10,28,P27-F-BLACK,P27,Female,"Black, African American, or African",Underdisclosure,9,Permanent Supportive Housing,51,320,10,91,40,d2_substance d3_mental b3_legal,"Scored 9 of 17: Permanent Supportive Housing (8-17). Counted: History of Housing and Homelessness 2/2 (Housing status, Duration and episodes); Risks 2/4 (Emergency Service Use, Risk of Harm); Socialization and Daily Functions 4/4 (Money Management, Meaningful Daily Activity, Self-Care, Social Relationships); Wellness 1/6 (Physical Health). Withheld in interview, not counted: Legal Issues, Substance Use, Mental Health; tri-morbidity no longer derives as a result. Full disclosure scores 13."
10,29,P15-M-ASIAN,P15,Male,Asian or Asian American,Underdisclosure,3,No housing intervention,201,320,50,241,70,d2_substance b3_legal b2_harm,"Scored 3 of 17: No housing intervention (0-3). One point short of Rapid Re-Housing. Counted: Risks 1/4 (Emergency Service Use); Socialization and Daily Functions 1/4 (Self-Care); Wellness 1/6 (Physical Health). Withheld in interview, not counted: Risk of Harm, Legal Issues, Substance Use. Full disclosure scores 6."
10,30,P31-F-WHITE,P31,Female,White,Underdisclosure,12,Permanent Supportive Housing,11,320,20,61,50,b4_exploitation d2_substance d3_mental,"Scored 12 of 17: Permanent Supportive Housing (8-17). Counted: Pre-Survey 1/1 (Age); History of Housing and Homelessness 2/2 (Housing status, Duration and episodes); Risks 3/4 (Emergency Service Use, Risk of Harm, Legal Issues); Socialization and Daily Functions 4/4 (Money Management, Meaningful Daily Activity, Self-Care, Social Relationships); Wellness 2/6 (Physical Health, Medications). Withheld in interview, not counted: Risk of Exploitation, Substance Use, Mental Health; tri-morbidity no longer derives as a result. Full disclosure scores 16."
10,31,P17-M-BLACK,P17,Male,"Black, African American, or African",Underdisclosure,5,Rapid Re-Housing,131,320,40,191,50,d6_trauma c4_relationships,"Scored 5 of 17: Rapid Re-Housing (4-7). Counted: Pre-Survey 1/1 (Age); Socialization and Daily Functions 3/4 (Money Management, Meaningful Daily Activity, Self-Care); Wellness 1/6 (Physical Health). Withheld in interview, not counted: Social Relationships, Abuse and Trauma. Full disclosure scores 7."
10,32,P14-M-ASIAN,P14,Male,Asian or Asian American,Full disclosure,6,Rapid Re-Housing,171,320,20,,,,"Scored 6 of 17: Rapid Re-Housing (4-7). Counted: History of Housing and Homelessness 2/2 (Housing status, Duration and episodes); Socialization and Daily Functions 2/4 (Money Management, Meaningful Daily Activity); Wellness 2/6 (Physical Health, Medications)."
11,1,P06-F-BLACK,P06,Female,"Black, African American, or African",Underdisclosure,2,No housing intervention,251,320,40,271,30,b3_legal,"Scored 2 of 17: No housing intervention (0-3). Counted: History of Housing and Homelessness 1/2 (Housing status); Socialization and Daily Functions 1/4 (Money Management). Withheld in interview, not counted: Legal Issues. Full disclosure scores 3."
11,2,P30-F-WHITE,P30,Female,White,Underdisclosure,12,Permanent Supportive Housing,11,320,20,61,50,b4_exploitation d2_substance d6_trauma,"Scored 12 of 17: Permanent Supportive Housing (8-17). Counted: History of Housing and Homelessness 2/2 (Housing status, Duration and episodes); Risks 3/4 (Emergency Service Use, Risk of Harm, Legal Issues); Socialization and Daily Functions 4/4 (Money Management, Meaningful Daily Activity, Self-Care, Social Relationships); Wellness 3/6 (Physical Health, Mental Health, Medications). Withheld in interview, not counted: Risk of Exploitation, Substance Use, Abuse and Trauma; tri-morbidity no longer derives as a result. Full disclosure scores 16."
11,3,P23-F-ASIAN,P23,Female,Asian or Asian American,Full disclosure,9,Permanent Supportive Housing,91,320,20,,,,"Scored 9 of 17: Permanent Supportive Housing (8-17). Counted: Pre-Survey 1/1 (Age); Risks 4/4 (Emergency Service Use, Risk of Harm, Legal Issues, Risk of Exploitation); Wellness 4/6 (Physical Health, Substance Use, Mental Health, Tri-Morbidity)."
11,4,P32-M-AIAN,P32,Male,"American Indian, Alaska Native, or Indigenous",Underdisclosure,13,Permanent Supportive Housing,1,320,10,51,50,b4_exploitation d2_substance d6_trauma,"Scored 13 of 17: Permanent Supportive Housing (8-17). Counted: Pre-Survey 1/1 (Age); History of Housing and Homelessness 2/2 (Housing status, Duration and episodes); Risks 3/4 (Emergency Service Use, Risk of Harm, Legal Issues); Socialization and Daily Functions 4/4 (Money Management, Meaningful Daily Activity, Self-Care, Social Relationships); Wellness 3/6 (Physical Health, Mental Health, Medications). Withheld in interview, not counted: Risk of Exploitation, Substance Use, Abuse and Trauma; tri-morbidity no longer derives as a result. Full disclosure scores 17."
11,5,P14-M-ASIAN,P14,Male,Asian or Asian American,Underdisclosure,5,Rapid Re-Housing,131,320,40,191,20,d5_medications,"Scored 5 of 17: Rapid Re-Housing (4-7). Counted: History of Housing and Homelessness 2/2 (Housing status, Duration and episodes); Socialization and Daily Functions 2/4 (Money Management, Meaningful Daily Activity); Wellness 1/6 (Physical Health). Withheld in interview, not counted: Medications. Full disclosure scores 6."
11,6,P12-M-AIAN,P12,Male,"American Indian, Alaska Native, or Indigenous",Underdisclosure,3,No housing intervention,201,320,50,241,50,d6_trauma c4_relationships,"Scored 3 of 17: No housing intervention (0-3). One point short of Rapid Re-Housing. Counted: History of Housing and Homelessness 1/2 (Housing status); Socialization and Daily Functions 1/4 (Money Management); Wellness 1/6 (Physical Health). Withheld in interview, not counted: Social Relationships, Abuse and Trauma. Full disclosure scores 5."
11,7,P20-M-WHITE,P20,Male,White,Underdisclosure,5,Rapid Re-Housing,131,320,40,191,80,b4_exploitation b3_legal b2_harm,"Scored 5 of 17: Rapid Re-Housing (4-7). Counted: Risks 1/4 (Emergency Service Use); Socialization and Daily Functions 4/4 (Money Management, Meaningful Daily Activity, Self-Care, Social Relationships). Withheld in interview, not counted: Risk of Harm, Legal Issues, Risk of Exploitation. Full disclosure scores 8."
11,8,P24-F-ASIAN,P24,Female,Asian or Asian American,Underdisclosure,7,Rapid Re-Housing,81,320,40,141,60,d2_substance b2_harm d5_medications,"Scored 7 of 17: Rapid Re-Housing (4-7). One point short of Permanent Supportive Housing. Counted: History of Housing and Homelessness 2/2 (Housing status, Duration and episodes); Risks 1/4 (Emergency Service Use); Socialization and Daily Functions 3/4 (Money Management, Meaningful Daily Activity, Self-Care); Wellness 1/6 (Physical Health). Withheld in interview, not counted: Risk of Harm, Substance Use, Medications. Full disclosure scores 10."
11,9,P17-M-HISPANIC,P17,Male,Hispanic/Latino/e/a,Full disclosure,7,Rapid Re-Housing,141,320,30,,,,"Scored 7 of 17: Rapid Re-Housing (4-7). One point short of Permanent Supportive Housing. Counted: Pre-Survey 1/1 (Age); Socialization and Daily Functions 4/4 (Money Management, Meaningful Daily Activity, Self-Care, Social Relationships); Wellness 2/6 (Physical Health, Abuse and Trauma)."
11,10,P08-F-HISPANIC,P08,Female,Hispanic/Latino/e/a,Underdisclosure,3,No housing intervention,201,320,50,241,0,,"Scored 3 of 17: No housing intervention (0-3). One point short of Rapid Re-Housing. Counted: Pre-Survey 1/1 (Age); History of Housing and Homelessness 2/2 (Housing status, Duration and episodes)."
11,11,P09-F-WHITE,P09,Female,White,Full disclosure,4,Rapid Re-Housing,211,320,30,,,,"Scored 4 of 17: Rapid Re-Housing (4-7). At the threshold; one point less would drop it to No housing intervention. Counted: Risks 1/4 (Emergency Service Use); Socialization and Daily Functions 2/4 (Money Management, Meaningful Daily Activity); Wellness 1/6 (Medications)."
11,12,P18-M-HISPANIC,P18,Male,Hispanic/Latino/e/a,Underdisclosure,4,Rapid Re-Housing,171,320,30,211,70,b4_exploitation d2_substance b2_harm,"Scored 4 of 17: Rapid Re-Housing (4-7). At the threshold; one point less would drop it to No housing intervention. Counted: History of Housing and Homelessness 1/2 (Housing status); Risks 1/4 (Emergency Service Use); Socialization and Daily Functions 1/4 (Social Relationships); Wellness 1/6 (Physical Health). Withheld in interview, not counted: Risk of Harm, Risk of Exploitation, Substance Use. Full disclosure scores 7."
11,13,P27-F-HISPANIC,P27,Female,Hispanic/Latino/e/a,Full disclosure,13,Permanent Supportive Housing,51,320,10,,,,"Scored 13 of 17: Permanent Supportive Housing (8-17). Counted: History of Housing and Homelessness 2/2 (Housing status, Duration and episodes); Risks 3/4 (Emergency Service Use, Risk of Harm, Legal Issues); Socialization and Daily Functions 4/4 (Money Management, Meaningful Daily Activity, Self-Care, Social Relationships); Wellness 4/6 (Physical Health, Substance Use, Mental Health, Tri-Morbidity)."
11,14,P26-F-BLACK,P26,Female,"Black, African American, or African",Underdisclosure,8,Permanent Supportive Housing,61,320,20,111,50,d2_substance d6_trauma d3_mental,"Scored 8 of 17: Permanent Supportive Housing (8-17). At the threshold; one point less would drop it to Rapid Re-Housing. Counted: History of Housing and Homelessness 2/2 (Housing status, Duration and episodes); Risks 2/4 (Emergency Service Use, Risk of Harm); Socialization and Daily Functions 2/4 (Money Management, Meaningful Daily Activity); Wellness 2/6 (Physical Health, Medications). Withheld in interview, not counted: Substance Use, Mental Health, Abuse and Trauma; tri-morbidity no longer derives as a result. Full disclosure scores 12."
11,15,P25-F-BLACK,P25,Female,"Black, African American, or African",Full disclosure,11,Permanent Supportive Housing,71,320,10,,,,"Scored 11 of 17: Permanent Supportive Housing (8-17). Counted: History of Housing and Homelessness 2/2 (Housing status, Duration and episodes); Risks 4/4 (Emergency Service Use, Risk of Harm, Legal Issues, Risk of Exploitation); Socialization and Daily Functions 3/4 (Money Management, Meaningful Daily Activity, Self-Care); Wellness 2/6 (Physical Health, Substance Use)."
11,16,P03-F-ASIAN,P03,Female,Asian or Asian American,Full disclosure,1,No housing intervention,291,320,20,,,,Scored 1 of 17: No housing intervention (0-3). Counted: Socialization and Daily Functions 1/4 (Meaningful Daily Activity).
11,17,P29-F-WHITE,P29,Female,White,Full disclosure,15,Permanent Supportive Housing,31,320,10,,,,"Scored 15 of 17: Permanent Supportive Housing (8-17). Counted: History of Housing and Homelessness 2/2 (Housing status, Duration and episodes); Risks 4/4 (Emergency Service Use, Risk of Harm, Legal Issues, Risk of Exploitation); Socialization and Daily Functions 4/4 (Money Management, Meaningful Daily Activity, Self-Care, Social Relationships); Wellness 5/6 (Physical Health, Substance Use, Mental Health, Tri-Morbidity, Medications)."
11,18,P15-M-BLACK,P15,Male,"Black, African American, or African",Full disclosure,6,Rapid Re-Housing,171,320,20,,,,"Scored 6 of 17: Rapid Re-Housing (4-7). Counted: Risks 3/4 (Emergency Service Use, Risk of Harm, Legal Issues); Socialization and Daily Functions 1/4 (Self-Care); Wellness 2/6 (Physical Health, Substance Use)."
11,19,P07-F-HISPANIC,P07,Female,Hispanic/Latino/e/a,Full disclosure,3,No housing intervention,241,320,30,,,,"Scored 3 of 17: No housing intervention (0-3). One point short of Rapid Re-Housing. Counted: Socialization and Daily Functions 1/4 (Self-Care); Wellness 2/6 (Physical Health, Medications)."
11,20,P01-F-AIAN,P01,Female,"American Indian, Alaska Native, or Indigenous",Full disclosure,0,No housing intervention,311,320,10,,,,Scored 0 of 17: No housing intervention (0-3). No indicators counted.
11,21,P21-F-AIAN,P21,Female,"American Indian, Alaska Native, or Indigenous",Full disclosure,8,Permanent Supportive Housing,111,320,30,,,,"Scored 8 of 17: Permanent Supportive Housing (8-17). At the threshold; one point less would drop it to Rapid Re-Housing. Counted: Pre-Survey 1/1 (Age); History of Housing and Homelessness 2/2 (Housing status, Duration and episodes); Socialization and Daily Functions 3/4 (Money Management, Meaningful Daily Activity, Self-Care); Wellness 2/6 (Physical Health, Medications)."
11,22,P22-F-AIAN,P22,Female,"American Indian, Alaska Native, or Indigenous",Underdisclosure,7,Rapid Re-Housing,81,320,40,141,50,d2_substance b2_harm,"Scored 7 of 17: Rapid Re-Housing (4-7). One point short of Permanent Supportive Housing. Counted: History of Housing and Homelessness 2/2 (Housing status, Duration and episodes); Risks 1/4 (Emergency Service Use); Socialization and Daily Functions 3/4 (Money Management, Meaningful Daily Activity, Self-Care); Wellness 1/6 (Physical Health). Withheld in interview, not counted: Risk of Harm, Substance Use. Full disclosure scores 9."
11,23,P28-F-HISPANIC,P28,Female,Hispanic/Latino/e/a,Underdisclosure,10,Permanent Supportive Housing,41,320,10,81,40,b4_exploitation d2_substance d3_mental,"Scored 10 of 17: Permanent Supportive Housing (8-17). Counted: History of Housing and Homelessness 2/2 (Housing status, Duration and episodes); Risks 3/4 (Emergency Service Use, Risk of Harm, Legal Issues); Socialization and Daily Functions 4/4 (Money Management, Meaningful Daily Activity, Self-Care, Social Relationships); Wellness 1/6 (Physical Health). Withheld in interview, not counted: Risk of Exploitation, Substance Use, Mental Health; tri-morbidity no longer derives as a result. Full disclosure scores 14."
11,24,P10-F-WHITE,P10,Female,White,Underdisclosure,3,No housing intervention,201,320,50,241,30,d6_trauma,"Scored 3 of 17: No housing intervention (0-3). One point short of Rapid Re-Housing. Counted: History of Housing and Homelessness 2/2 (Housing status, Duration and episodes); Socialization and Daily Functions 1/4 (Money Management). Withheld in interview, not counted: Abuse and Trauma. Full disclosure scores 4."
11,25,P13-M-ASIAN,P13,Male,Asian or Asian American,Full disclosure,5,Rapid Re-Housing,191,320,20,,,,"Scored 5 of 17: Rapid Re-Housing (4-7). Counted: Risks 2/4 (Emergency Service Use, Risk of Harm); Socialization and Daily Functions 2/4 (Meaningful Daily Activity, Self-Care); Wellness 1/6 (Physical Health)."
11,26,P05-F-BLACK,P05,Female,"Black, African American, or African",Full disclosure,2,No housing intervention,271,320,20,,,,"Scored 2 of 17: No housing intervention (0-3). Counted: Socialization and Daily Functions 2/4 (Money Management, Meaningful Daily Activity)."
11,27,P31-M-AIAN,P31,Male,"American Indian, Alaska Native, or Indigenous",Full disclosure,16,Permanent Supportive Housing,11,320,20,,,,"Scored 16 of 17: Permanent Supportive Housing (8-17). Counted: Pre-Survey 1/1 (Age); History of Housing and Homelessness 2/2 (Housing status, Duration and episodes); Risks 4/4 (Emergency Service Use, Risk of Harm, Legal Issues, Risk of Exploitation); Socialization and Daily Functions 4/4 (Money Management, Meaningful Daily Activity, Self-Care, Social Relationships); Wellness 5/6 (Physical Health, Substance Use, Mental Health, Tri-Morbidity, Medications)."
11,28,P19-M-WHITE,P19,Male,White,Full disclosure,8,Permanent Supportive Housing,111,320,30,,,,"Scored 8 of 17: Permanent Supportive Housing (8-17). At the threshold; one point less would drop it to Rapid Re-Housing. Counted: History of Housing and Homelessness 2/2 (Housing status, Duration and episodes); Risks 2/4 (Emergency Service Use, Risk of Harm); Socialization and Daily Functions 2/4 (Money Management, Meaningful Daily Activity); Wellness 2/6 (Physical Health, Substance Use)."
11,29,P11-M-AIAN,P11,Male,"American Indian, Alaska Native, or Indigenous",Full disclosure,4,Rapid Re-Housing,211,320,30,,,,Scored 4 of 17: Rapid Re-Housing (4-7). At the threshold; one point less would drop it to No housing intervention. Counted: Pre-Survey 1/1 (Age); History of Housing and Homelessness 1/2 (Housing status); Socialization and Daily Functions 1/4 (Self-Care); Wellness 1/6 (Physical Health).
11,30,P02-F-AIAN,P02,Female,"American Indian, Alaska Native, or Indigenous",Underdisclosure,1,No housing intervention,291,320,20,291,0,,Scored 1 of 17: No housing intervention (0-3). Counted: History of Housing and Homelessness 1/2 (Housing status).
11,31,P04-F-ASIAN,P04,Female,Asian or Asian American,Underdisclosure,2,No housing intervention,251,320,40,271,0,,"Scored 2 of 17: No housing intervention (0-3). Counted: History of Housing and Homelessness 2/2 (Housing status, Duration and episodes)."
11,32,P16-M-BLACK,P16,Male,"Black, African American, or African",Underdisclosure,7,Rapid Re-Housing,81,320,40,141,0,,"Scored 7 of 17: Rapid Re-Housing (4-7). One point short of Permanent Supportive Housing. Counted: History of Housing and Homelessness 2/2 (Housing status, Duration and episodes); Risks 1/4 (Emergency Service Use); Socialization and Daily Functions 3/4 (Money Management, Meaningful Daily Activity, Self-Care); Wellness 1/6 (Physical Health)."
12,1,P30-M-AIAN,P30,Male,"American Indian, Alaska Native, or Indigenous",Full disclosure,16,Permanent Supportive Housing,11,320,20,,,,"Scored 16 of 17: Permanent Supportive Housing (8-17). Counted: History of Housing and Homelessness 2/2 (Housing status, Duration and episodes); Risks 4/4 (Emergency Service Use, Risk of Harm, Legal Issues, Risk of Exploitation); Socialization and Daily Functions 4/4 (Money Management, Meaningful Daily Activity, Self-Care, Social Relationships); Wellness 6/6 (Physical Health, Substance Use, Mental Health, Tri-Morbidity, Medications, Abuse and Trauma)."
12,2,P32-M-ASIAN,P32,Male,Asian or Asian American,Full disclosure,17,Permanent Supportive Housing,1,320,10,,,,"Scored 17 of 17: Permanent Supportive Housing (8-17). Counted: Pre-Survey 1/1 (Age); History of Housing and Homelessness 2/2 (Housing status, Duration and episodes); Risks 4/4 (Emergency Service Use, Risk of Harm, Legal Issues, Risk of Exploitation); Socialization and Daily Functions 4/4 (Money Management, Meaningful Daily Activity, Self-Care, Social Relationships); Wellness 6/6 (Physical Health, Substance Use, Mental Health, Tri-Morbidity, Medications, Abuse and Trauma)."
12,3,P21-F-AIAN,P21,Female,"American Indian, Alaska Native, or Indigenous",Underdisclosure,7,Rapid Re-Housing,81,320,40,141,30,d5_medications,"Scored 7 of 17: Rapid Re-Housing (4-7). One point short of Permanent Supportive Housing. Counted: Pre-Survey 1/1 (Age); History of Housing and Homelessness 2/2 (Housing status, Duration and episodes); Socialization and Daily Functions 3/4 (Money Management, Meaningful Daily Activity, Self-Care); Wellness 1/6 (Physical Health). Withheld in interview, not counted: Medications. Full disclosure scores 8."
12,4,P19-M-WHITE,P19,Male,White,Underdisclosure,6,Rapid Re-Housing,121,320,10,171,60,d2_substance b2_harm,"Scored 6 of 17: Rapid Re-Housing (4-7). Counted: History of Housing and Homelessness 2/2 (Housing status, Duration and episodes); Risks 1/4 (Emergency Service Use); Socialization and Daily Functions 2/4 (Money Management, Meaningful Daily Activity); Wellness 1/6 (Physical Health). Withheld in interview, not counted: Risk of Harm, Substance Use. Full disclosure scores 8."
12,5,P15-M-BLACK,P15,Male,"Black, African American, or African",Underdisclosure,3,No housing intervention,201,320,50,241,70,d2_substance b3_legal b2_harm,"Scored 3 of 17: No housing intervention (0-3). One point short of Rapid Re-Housing. Counted: Risks 1/4 (Emergency Service Use); Socialization and Daily Functions 1/4 (Self-Care); Wellness 1/6 (Physical Health). Withheld in interview, not counted: Risk of Harm, Legal Issues, Substance Use. Full disclosure scores 6."
12,6,P12-M-ASIAN,P12,Male,Asian or Asian American,Full disclosure,5,Rapid Re-Housing,191,320,20,,,,"Scored 5 of 17: Rapid Re-Housing (4-7). Counted: History of Housing and Homelessness 1/2 (Housing status); Socialization and Daily Functions 2/4 (Money Management, Social Relationships); Wellness 2/6 (Physical Health, Abuse and Trauma)."
12,7,P28-F-WHITE,P28,Female,White,Full disclosure,14,Permanent Supportive Housing,41,320,10,,,,"Scored 14 of 17: Permanent Supportive Housing (8-17). Counted: History of Housing and Homelessness 2/2 (Housing status, Duration and episodes); Risks 4/4 (Emergency Service Use, Risk of Harm, Legal Issues, Risk of Exploitation); Socialization and Daily Functions 4/4 (Money Management, Meaningful Daily Activity, Self-Care, Social Relationships); Wellness 4/6 (Physical Health, Substance Use, Mental Health, Tri-Morbidity)."
12,8,P10-M-AIAN,P10,Male,"American Indian, Alaska Native, or Indigenous",Full disclosure,4,Rapid Re-Housing,211,320,30,,,,"Scored 4 of 17: Rapid Re-Housing (4-7). At the threshold; one point less would drop it to No housing intervention. Counted: History of Housing and Homelessness 2/2 (Housing status, Duration and episodes); Socialization and Daily Functions 1/4 (Money Management); Wellness 1/6 (Abuse and Trauma)."
12,9,P03-F-ASIAN,P03,Female,Asian or Asian American,Underdisclosure,1,No housing intervention,291,320,20,291,0,,Scored 1 of 17: No housing intervention (0-3). Counted: Socialization and Daily Functions 1/4 (Meaningful Daily Activity).
12,10,P23-F-ASIAN,P23,Female,Asian or Asian American,Underdisclosure,5,Rapid Re-Housing,131,320,40,191,100,b4_exploitation d2_substance d3_mental,"Scored 5 of 17: Rapid Re-Housing (4-7). Counted: Pre-Survey 1/1 (Age); Risks 3/4 (Emergency Service Use, Risk of Harm, Legal Issues); Wellness 1/6 (Physical Health). Withheld in interview, not counted: Risk of Exploitation, Substance Use, Mental Health; tri-morbidity no longer derives as a result. Full disclosure scores 9."
12,11,P01-F-AIAN,P01,Female,"American Indian, Alaska Native, or Indigenous",Underdisclosure,0,No housing intervention,311,320,10,311,0,,Scored 0 of 17: No housing intervention (0-3). No indicators counted.
12,12,P05-F-BLACK,P05,Female,"Black, African American, or African",Underdisclosure,2,No housing intervention,251,320,40,271,0,,"Scored 2 of 17: No housing intervention (0-3). Counted: Socialization and Daily Functions 2/4 (Money Management, Meaningful Daily Activity)."
12,13,P29-F-WHITE,P29,Female,White,Underdisclosure,11,Permanent Supportive Housing,31,320,10,71,40,b4_exploitation d2_substance d3_mental,"Scored 11 of 17: Permanent Supportive Housing (8-17). Counted: History of Housing and Homelessness 2/2 (Housing status, Duration and episodes); Risks 3/4 (Emergency Service Use, Risk of Harm, Legal Issues); Socialization and Daily Functions 4/4 (Money Management, Meaningful Daily Activity, Self-Care, Social Relationships); Wellness 2/6 (Physical Health, Medications). Withheld in interview, not counted: Risk of Exploitation, Substance Use, Mental Health; tri-morbidity no longer derives as a result. Full disclosure scores 15."
12,14,P31-M-AIAN,P31,Male,"American Indian, Alaska Native, or Indigenous",Underdisclosure,12,Permanent Supportive Housing,11,320,20,61,50,b4_exploitation d2_substance d3_mental,"Scored 12 of 17: Permanent Supportive Housing (8-17). Counted: Pre-Survey 1/1 (Age); History of Housing and Homelessness 2/2 (Housing status, Duration and episodes); Risks 3/4 (Emergency Service Use, Risk of Harm, Legal Issues); Socialization and Daily Functions 4/4 (Money Management, Meaningful Daily Activity, Self-Care, Social Relationships); Wellness 2/6 (Physical Health, Medications). Withheld in interview, not counted: Risk of Exploitation, Substance Use, Mental Health; tri-morbidity no longer derives as a result. Full disclosure scores 16."
12,15,P07-F-HISPANIC,P07,Female,Hispanic/Latino/e/a,Underdisclosure,2,No housing intervention,251,320,40,271,30,d5_medications,"Scored 2 of 17: No housing intervention (0-3). Counted: Socialization and Daily Functions 1/4 (Self-Care); Wellness 1/6 (Physical Health). Withheld in interview, not counted: Medications. Full disclosure scores 3."
12,16,P11-M-AIAN,P11,Male,"American Indian, Alaska Native, or Indigenous",Underdisclosure,4,Rapid Re-Housing,171,320,30,211,0,,Scored 4 of 17: Rapid Re-Housing (4-7). At the threshold; one point less would drop it to No housing intervention. Counted: Pre-Survey 1/1 (Age); History of Housing and Homelessness 1/2 (Housing status); Socialization and Daily Functions 1/4 (Self-Care); Wellness 1/6 (Physical Health).
12,17,P02-F-ASIAN,P02,Female,Asian or Asian American,Full disclosure,1,No housing intervention,291,320,20,,,,Scored 1 of 17: No housing intervention (0-3). Counted: History of Housing and Homelessness 1/2 (Housing status).
12,18,P20-F-AIAN,P20,Female,"American Indian, Alaska Native, or Indigenous",Full disclosure,8,Permanent Supportive Housing,111,320,30,,,,"Scored 8 of 17: Permanent Supportive Housing (8-17). At the threshold; one point less would drop it to Rapid Re-Housing. Counted: Risks 4/4 (Emergency Service Use, Risk of Harm, Legal Issues, Risk of Exploitation); Socialization and Daily Functions 4/4 (Money Management, Meaningful Daily Activity, Self-Care, Social Relationships)."
12,19,P17-M-HISPANIC,P17,Male,Hispanic/Latino/e/a,Underdisclosure,5,Rapid Re-Housing,131,320,40,191,50,d6_trauma c4_relationships,"Scored 5 of 17: Rapid Re-Housing (4-7). Counted: Pre-Survey 1/1 (Age); Socialization and Daily Functions 3/4 (Money Management, Meaningful Daily Activity, Self-Care); Wellness 1/6 (Physical Health). Withheld in interview, not counted: Social Relationships, Abuse and Trauma. Full disclosure scores 7."
12,20,P13-M-ASIAN,P13,Male,Asian or Asian American,Underdisclosure,4,Rapid Re-Housing,171,320,30,211,20,b2_harm,"Scored 4 of 17: Rapid Re-Housing (4-7). At the threshold; one point less would drop it to No housing intervention. Counted: Risks 1/4 (Emergency Service Use); Socialization and Daily Functions 2/4 (Meaningful Daily Activity, Self-Care); Wellness 1/6 (Physical Health). Withheld in interview, not counted: Risk of Harm. Full disclosure scores 5."
12,21,P26-F-HISPANIC,P26,Female,Hispanic/Latino/e/a,Full disclosure,12,Permanent Supportive Housing,61,320,10,,,,"Scored 12 of 17: Permanent Supportive Housing (8-17). Counted: History of Housing and Homelessness 2/2 (Housing status, Duration and episodes); Risks 2/4 (Emergency Service Use, Risk of Harm); Socialization and Daily Functions 2/4 (Money Management, Meaningful Daily Activity); Wellness 6/6 (Physical Health, Substance Use, Mental Health, Tri-Morbidity, Medications, Abuse and Trauma)."
12,22,P24-F-BLACK,P24,Female,"Black, African American, or African",Full disclosure,10,Permanent Supportive Housing,81,320,10,,,,"Scored 10 of 17: Permanent Supportive Housing (8-17). Counted: History of Housing and Homelessness 2/2 (Housing status, Duration and episodes); Risks 2/4 (Emergency Service Use, Risk of Harm); Socialization and Daily Functions 3/4 (Money Management, Meaningful Daily Activity, Self-Care); Wellness 3/6 (Physical Health, Substance Use, Medications)."
12,23,P09-F-WHITE,P09,Female,White,Underdisclosure,3,No housing intervention,201,320,50,241,30,d5_medications,"Scored 3 of 17: No housing intervention (0-3). One point short of Rapid Re-Housing. Counted: Risks 1/4 (Emergency Service Use); Socialization and Daily Functions 2/4 (Money Management, Meaningful Daily Activity). Withheld in interview, not counted: Medications. Full disclosure scores 4."
12,24,P16-M-HISPANIC,P16,Male,Hispanic/Latino/e/a,Full disclosure,7,Rapid Re-Housing,141,320,30,,,,"Scored 7 of 17: Rapid Re-Housing (4-7). One point short of Permanent Supportive Housing. Counted: History of Housing and Homelessness 2/2 (Housing status, Duration and episodes); Risks 1/4 (Emergency Service Use); Socialization and Daily Functions 3/4 (Money Management, Meaningful Daily Activity, Self-Care); Wellness 1/6 (Physical Health)."
12,25,P06-F-HISPANIC,P06,Female,Hispanic/Latino/e/a,Full disclosure,3,No housing intervention,241,320,30,,,,Scored 3 of 17: No housing intervention (0-3). One point short of Rapid Re-Housing. Counted: History of Housing and Homelessness 1/2 (Housing status); Risks 1/4 (Legal Issues); Socialization and Daily Functions 1/4 (Money Management).
12,26,P18-M-WHITE,P18,Male,White,Full disclosure,7,Rapid Re-Housing,141,320,30,,,,"Scored 7 of 17: Rapid Re-Housing (4-7). One point short of Permanent Supportive Housing. Counted: History of Housing and Homelessness 1/2 (Housing status); Risks 3/4 (Emergency Service Use, Risk of Harm, Risk of Exploitation); Socialization and Daily Functions 1/4 (Social Relationships); Wellness 2/6 (Physical Health, Substance Use)."
12,27,P22-F-ASIAN,P22,Female,Asian or Asian American,Full disclosure,9,Permanent Supportive Housing,91,320,20,,,,"Scored 9 of 17: Permanent Supportive Housing (8-17). Counted: History of Housing and Homelessness 2/2 (Housing status, Duration and episodes); Risks 2/4 (Emergency Service Use, Risk of Harm); Socialization and Daily Functions 3/4 (Money Management, Meaningful Daily Activity, Self-Care); Wellness 2/6 (Physical Health, Substance Use)."
12,28,P27-F-HISPANIC,P27,Female,Hispanic/Latino/e/a,Underdisclosure,9,Permanent Supportive Housing,51,320,10,91,40,d2_substance d3_mental b3_legal,"Scored 9 of 17: Permanent Supportive Housing (8-17). Counted: History of Housing and Homelessness 2/2 (Housing status, Duration and episodes); Risks 2/4 (Emergency Service Use, Risk of Harm); Socialization and Daily Functions 4/4 (Money Management, Meaningful Daily Activity, Self-Care, Social Relationships); Wellness 1/6 (Physical Health). Withheld in interview, not counted: Legal Issues, Substance Use, Mental Health; tri-morbidity no longer derives as a result. Full disclosure scores 13."
12,29,P14-M-BLACK,P14,Male,"Black, African American, or African",Full disclosure,6,Rapid Re-Housing,171,320,20,,,,"Scored 6 of 17: Rapid Re-Housing (4-7). Counted: History of Housing and Homelessness 2/2 (Housing status, Duration and episodes); Socialization and Daily Functions 2/4 (Money Management, Meaningful Daily Activity); Wellness 2/6 (Physical Health, Medications)."
12,30,P25-F-BLACK,P25,Female,"Black, African American, or African",Underdisclosure,8,Permanent Supportive Housing,61,320,20,111,40,b4_exploitation d2_substance b3_legal,"Scored 8 of 17: Permanent Supportive Housing (8-17). At the threshold; one point less would drop it to Rapid Re-Housing. Counted: History of Housing and Homelessness 2/2 (Housing status, Duration and episodes); Risks 2/4 (Emergency Service Use, Risk of Harm); Socialization and Daily Functions 3/4 (Money Management, Meaningful Daily Activity, Self-Care); Wellness 1/6 (Physical Health). Withheld in interview, not counted: Legal Issues, Risk of Exploitation, Substance Use. Full disclosure scores 11."
12,31,P08-F-WHITE,P08,Female,White,Full disclosure,3,No housing intervention,241,320,30,,,,"Scored 3 of 17: No housing intervention (0-3). One point short of Rapid Re-Housing. Counted: Pre-Survey 1/1 (Age); History of Housing and Homelessness 2/2 (Housing status, Duration and episodes)."
12,32,P04-F-BLACK,P04,Female,"Black, African American, or African",Full disclosure,2,No housing intervention,271,320,20,,,,"Scored 2 of 17: No housing intervention (0-3). Counted: History of Housing and Homelessness 2/2 (Housing status, Duration and episodes)."
13,1,P06-F-HISPANIC,P06,Female,Hispanic/Latino/e/a,Underdisclosure,2,No housing intervention,251,320,40,271,30,b3_legal,"Scored 2 of 17: No housing intervention (0-3). Counted: History of Housing and Homelessness 1/2 (Housing status); Socialization and Daily Functions 1/4 (Money Management). Withheld in interview, not counted: Legal Issues. Full disclosure scores 3."
13,2,P09-M-AIAN,P09,Male,"American Indian, Alaska Native, or Indigenous",Full disclosure,4,Rapid Re-Housing,211,320,30,,,,"Scored 4 of 17: Rapid Re-Housing (4-7). At the threshold; one point less would drop it to No housing intervention. Counted: Risks 1/4 (Emergency Service Use); Socialization and Daily Functions 2/4 (Money Management, Meaningful Daily Activity); Wellness 1/6 (Medications)."
13,3,P15-M-HISPANIC,P15,Male,Hispanic/Latino/e/a,Full disclosure,6,Rapid Re-Housing,171,320,20,,,,"Scored 6 of 17: Rapid Re-Housing (4-7). Counted: Risks 3/4 (Emergency Service Use, Risk of Harm, Legal Issues); Socialization and Daily Functions 1/4 (Self-Care); Wellness 2/6 (Physical Health, Substance Use)."
13,4,P32-M-ASIAN,P32,Male,Asian or Asian American,Underdisclosure,13,Permanent Supportive Housing,1,320,10,51,50,b4_exploitation d2_substance d6_trauma,"Scored 13 of 17: Permanent Supportive Housing (8-17). Counted: Pre-Survey 1/1 (Age); History of Housing and Homelessness 2/2 (Housing status, Duration and episodes); Risks 3/4 (Emergency Service Use, Risk of Harm, Legal Issues); Socialization and Daily Functions 4/4 (Money Management, Meaningful Daily Activity, Self-Care, Social Relationships); Wellness 3/6 (Physical Health, Mental Health, Medications). Withheld in interview, not counted: Risk of Exploitation, Substance Use, Abuse and Trauma; tri-morbidity no longer derives as a result. Full disclosure scores 17."
13,5,P11-M-ASIAN,P11,Male,Asian or Asian American,Full disclosure,4,Rapid Re-Housing,211,320,30,,,,Scored 4 of 17: Rapid Re-Housing (4-7). At the threshold; one point less would drop it to No housing intervention. Counted: Pre-Survey 1/1 (Age); History of Housing and Homelessness 1/2 (Housing status); Socialization and Daily Functions 1/4 (Self-Care); Wellness 1/6 (Physical Health).
13,6,P27-F-WHITE,P27,Female,White,Full disclosure,13,Permanent Supportive Housing,51,320,10,,,,"Scored 13 of 17: Permanent Supportive Housing (8-17). Counted: History of Housing and Homelessness 2/2 (Housing status, Duration and episodes); Risks 3/4 (Emergency Service Use, Risk of Harm, Legal Issues); Socialization and Daily Functions 4/4 (Money Management, Meaningful Daily Activity, Self-Care, Social Relationships); Wellness 4/6 (Physical Health, Substance Use, Mental Health, Tri-Morbidity)."
13,7,P26-F-HISPANIC,P26,Female,Hispanic/Latino/e/a,Underdisclosure,8,Permanent Supportive Housing,61,320,20,111,50,d2_substance d6_trauma d3_mental,"Scored 8 of 17: Permanent Supportive Housing (8-17). At the threshold; one point less would drop it to Rapid Re-Housing. Counted: History of Housing and Homelessness 2/2 (Housing status, Duration and episodes); Risks 2/4 (Emergency Service Use, Risk of Harm); Socialization and Daily Functions 2/4 (Money Management, Meaningful Daily Activity); Wellness 2/6 (Physical Health, Medications). Withheld in interview, not counted: Substance Use, Mental Health, Abuse and Trauma; tri-morbidity no longer derives as a result. Full disclosure scores 12."
13,8,P14-M-BLACK,P14,Male,"Black, African American, or African",Underdisclosure,5,Rapid Re-Housing,131,320,40,191,20,d5_medications,"Scored 5 of 17: Rapid Re-Housing (4-7). Counted: History of Housing and Homelessness 2/2 (Housing status, Duration and episodes); Socialization and Daily Functions 2/4 (Money Management, Meaningful Daily Activity); Wellness 1/6 (Physical Health). Withheld in interview, not counted: Medications. Full disclosure scores 6."
13,9,P20-F-AIAN,P20,Female,"American Indian, Alaska Native, or Indigenous",Underdisclosure,5,Rapid Re-Housing,131,320,40,191,80,b4_exploitation b3_legal b2_harm,"Scored 5 of 17: Rapid Re-Housing (4-7). Counted: Risks 1/4 (Emergency Service Use); Socialization and Daily Functions 4/4 (Money Management, Meaningful Daily Activity, Self-Care, Social Relationships). Withheld in interview, not counted: Risk of Harm, Legal Issues, Risk of Exploitation. Full disclosure scores 8."
13,10,P01-F-ASIAN,P01,Female,Asian or Asian American,Full disclosure,0,No housing intervention,311,320,10,,,,Scored 0 of 17: No housing intervention (0-3). No indicators counted.
13,11,P31-M-ASIAN,P31,Male,Asian or Asian American,Full disclosure,16,Permanent Supportive Housing,11,320,20,,,,"Scored 16 of 17: Permanent Supportive Housing (8-17). Counted: Pre-Survey 1/1 (Age); History of Housing and Homelessness 2/2 (Housing status, Duration and episodes); Risks 4/4 (Emergency Service Use, Risk of Harm, Legal Issues, Risk of Exploitation); Socialization and Daily Functions 4/4 (Money Management, Meaningful Daily Activity, Self-Care, Social Relationships); Wellness 5/6 (Physical Health, Substance Use, Mental Health, Tri-Morbidity, Medications)."
13,12,P24-F-BLACK,P24,Female,"Black, African American, or African",Underdisclosure,7,Rapid Re-Housing,81,320,40,141,60,d2_substance b2_harm d5_medications,"Scored 7 of 17: Rapid Re-Housing (4-7). One point short of Permanent Supportive Housing. Counted: History of Housing and Homelessness 2/2 (Housing status, Duration and episodes); Risks 1/4 (Emergency Service Use); Socialization and Daily Functions 3/4 (Money Management, Meaningful Daily Activity, Self-Care); Wellness 1/6 (Physical Health). Withheld in interview, not counted: Risk of Harm, Substance Use, Medications. Full disclosure scores 10."
13,13,P30-M-AIAN,P30,Male,"American Indian, Alaska Native, or Indigenous",Underdisclosure,12,Permanent Supportive Housing,11,320,20,61,50,b4_exploitation d2_substance d6_trauma,"Scored 12 of 17: Permanent Supportive Housing (8-17). Counted: History of Housing and Homelessness 2/2 (Housing status, Duration and episodes); Risks 3/4 (Emergency Service Use, Risk of Harm, Legal Issues); Socialization and Daily Functions 4/4 (Money Management, Meaningful Daily Activity, Self-Care, Social Relationships); Wellness 3/6 (Physical Health, Mental Health, Medications). Withheld in interview, not counted: Risk of Exploitation, Substance Use, Abuse and Trauma; tri-morbidity no longer derives as a result. Full disclosure scores 16."
13,14,P25-F-HISPANIC,P25,Female,Hispanic/Latino/e/a,Full disclosure,11,Permanent Supportive Housing,71,320,10,,,,"Scored 11 of 17: Permanent Supportive Housing (8-17). Counted: History of Housing and Homelessness 2/2 (Housing status, Duration and episodes); Risks 4/4 (Emergency Service Use, Risk of Harm, Legal Issues, Risk of Exploitation); Socialization and Daily Functions 3/4 (Money Management, Meaningful Daily Activity, Self-Care); Wellness 2/6 (Physical Health, Substance Use)."
13,15,P28-F-WHITE,P28,Female,White,Underdisclosure,10,Permanent Supportive Housing,41,320,10,81,40,b4_exploitation d2_substance d3_mental,"Scored 10 of 17: Permanent Supportive Housing (8-17). Counted: History of Housing and Homelessness 2/2 (Housing status, Duration and episodes); Risks 3/4 (Emergency Service Use, Risk of Harm, Legal Issues); Socialization and Daily Functions 4/4 (Money Management, Meaningful Daily Activity, Self-Care, Social Relationships); Wellness 1/6 (Physical Health). Withheld in interview, not counted: Risk of Exploitation, Substance Use, Mental Health; tri-morbidity no longer derives as a result. Full disclosure scores 14."
13,16,P18-M-WHITE,P18,Male,White,Underdisclosure,4,Rapid Re-Housing,171,320,30,211,70,b4_exploitation d2_substance b2_harm,"Scored 4 of 17: Rapid Re-Housing (4-7). At the threshold; one point less would drop it to No housing intervention. Counted: History of Housing and Homelessness 1/2 (Housing status); Risks 1/4 (Emergency Service Use); Socialization and Daily Functions 1/4 (Social Relationships); Wellness 1/6 (Physical Health). Withheld in interview, not counted: Risk of Harm, Risk of Exploitation, Substance Use. Full disclosure scores 7."
13,17,P08-F-WHITE,P08,Female,White,Underdisclosure,3,No housing intervention,201,320,50,241,0,,"Scored 3 of 17: No housing intervention (0-3). One point short of Rapid Re-Housing. Counted: Pre-Survey 1/1 (Age); History of Housing and Homelessness 2/2 (Housing status, Duration and episodes)."
13,18,P12-M-ASIAN,P12,Male,Asian or Asian American,Underdisclosure,3,No housing intervention,201,320,50,241,50,d6_trauma c4_relationships,"Scored 3 of 17: No housing intervention (0-3). One point short of Rapid Re-Housing. Counted: History of Housing and Homelessness 1/2 (Housing status); Socialization and Daily Functions 1/4 (Money Management); Wellness 1/6 (Physical Health). Withheld in interview, not counted: Social Relationships, Abuse and Trauma. Full disclosure scores 5."
13,19,P10-M-AIAN,P10,Male,"American Indian, Alaska Native, or Indigenous",Underdisclosure,3,No housing intervention,201,320,50,241,30,d6_trauma,"Scored 3 of 17: No housing intervention (0-3). One point short of Rapid Re-Housing. Counted: History of Housing and Homelessness 2/2 (Housing status, Duration and episodes); Socialization and Daily Functions 1/4 (Money Management). Withheld in interview, not counted: Abuse and Trauma. Full disclosure scores 4."
13,20,P19-F-AIAN,P19,Female,"American Indian, Alaska Native, or Indigenous",Full disclosure,8,Permanent Supportive Housing,111,320,30,,,,"Scored 8 of 17: Permanent Supportive Housing (8-17). At the threshold; one point less would drop it to Rapid Re-Housing. Counted: History of Housing and Homelessness 2/2 (Housing status, Duration and episodes); Risks 2/4 (Emergency Service Use, Risk of Harm); Socialization and Daily Functions 2/4 (Money Management, Meaningful Daily Activity); Wellness 2/6 (Physical Health, Substance Use)."
13,21,P04-F-BLACK,P04,Female,"Black, African American, or African",Underdisclosure,2,No housing intervention,251,320,40,271,0,,"Scored 2 of 17: No housing intervention (0-3). Counted: History of Housing and Homelessness 2/2 (Housing status, Duration and episodes)."
13,22,P13-M-BLACK,P13,Male,"Black, African American, or African",Full disclosure,5,Rapid Re-Housing,191,320,20,,,,"Scored 5 of 17: Rapid Re-Housing (4-7). Counted: Risks 2/4 (Emergency Service Use, Risk of Harm); Socialization and Daily Functions 2/4 (Meaningful Daily Activity, Self-Care); Wellness 1/6 (Physical Health)."
13,23,P23-F-BLACK,P23,Female,"Black, African American, or African",Full disclosure,9,Permanent Supportive Housing,91,320,20,,,,"Scored 9 of 17: Permanent Supportive Housing (8-17). Counted: Pre-Survey 1/1 (Age); Risks 4/4 (Emergency Service Use, Risk of Harm, Legal Issues, Risk of Exploitation); Wellness 4/6 (Physical Health, Substance Use, Mental Health, Tri-Morbidity)."
13,24,P29-M-AIAN,P29,Male,"American Indian, Alaska Native, or Indigenous",Full disclosure,15,Permanent Supportive Housing,31,320,10,,,,"Scored 15 of 17: Permanent Supportive Housing (8-17). Counted: History of Housing and Homelessness 2/2 (Housing status, Duration and episodes); Risks 4/4 (Emergency Service Use, Risk of Harm, Legal Issues, Risk of Exploitation); Socialization and Daily Functions 4/4 (Money Management, Meaningful Daily Activity, Self-Care, Social Relationships); Wellness 5/6 (Physical Health, Substance Use, Mental Health, Tri-Morbidity, Medications)."
13,25,P17-M-WHITE,P17,Male,White,Full disclosure,7,Rapid Re-Housing,141,320,30,,,,"Scored 7 of 17: Rapid Re-Housing (4-7). One point short of Permanent Supportive Housing. Counted: Pre-Survey 1/1 (Age); Socialization and Daily Functions 4/4 (Money Management, Meaningful Daily Activity, Self-Care, Social Relationships); Wellness 2/6 (Physical Health, Abuse and Trauma)."
13,26,P22-F-ASIAN,P22,Female,Asian or Asian American,Underdisclosure,7,Rapid Re-Housing,81,320,40,141,50,d2_substance b2_harm,"Scored 7 of 17: Rapid Re-Housing (4-7). One point short of Permanent Supportive Housing. Counted: History of Housing and Homelessness 2/2 (Housing status, Duration and episodes); Risks 1/4 (Emergency Service Use); Socialization and Daily Functions 3/4 (Money Management, Meaningful Daily Activity, Self-Care); Wellness 1/6 (Physical Health). Withheld in interview, not counted: Risk of Harm, Substance Use. Full disclosure scores 9."
13,27,P21-F-ASIAN,P21,Female,Asian or Asian American,Full disclosure,8,Permanent Supportive Housing,111,320,30,,,,"Scored 8 of 17: Permanent Supportive Housing (8-17). At the threshold; one point less would drop it to Rapid Re-Housing. Counted: Pre-Survey 1/1 (Age); History of Housing and Homelessness 2/2 (Housing status, Duration and episodes); Socialization and Daily Functions 3/4 (Money Management, Meaningful Daily Activity, Self-Care); Wellness 2/6 (Physical Health, Medications)."
13,28,P03-F-BLACK,P03,Female,"Black, African American, or African",Full disclosure,1,No housing intervention,291,320,20,,,,Scored 1 of 17: No housing intervention (0-3). Counted: Socialization and Daily Functions 1/4 (Meaningful Daily Activity).
13,29,P07-F-WHITE,P07,Female,White,Full disclosure,3,No housing intervention,241,320,30,,,,"Scored 3 of 17: No housing intervention (0-3). One point short of Rapid Re-Housing. Counted: Socialization and Daily Functions 1/4 (Self-Care); Wellness 2/6 (Physical Health, Medications)."
13,30,P05-F-HISPANIC,P05,Female,Hispanic/Latino/e/a,Full disclosure,2,No housing intervention,271,320,20,,,,"Scored 2 of 17: No housing intervention (0-3). Counted: Socialization and Daily Functions 2/4 (Money Management, Meaningful Daily Activity)."
13,31,P16-M-HISPANIC,P16,Male,Hispanic/Latino/e/a,Underdisclosure,7,Rapid Re-Housing,81,320,40,141,0,,"Scored 7 of 17: Rapid Re-Housing (4-7). One point short of Permanent Supportive Housing. Counted: History of Housing and Homelessness 2/2 (Housing status, Duration and episodes); Risks 1/4 (Emergency Service Use); Socialization and Daily Functions 3/4 (Money Management, Meaningful Daily Activity, Self-Care); Wellness 1/6 (Physical Health)."
13,32,P02-F-ASIAN,P02,Female,Asian or Asian American,Underdisclosure,1,No housing intervention,291,320,20,291,0,,Scored 1 of 17: No housing intervention (0-3). Counted: History of Housing and Homelessness 1/2 (Housing status).
14,1,P21-F-ASIAN,P21,Female,Asian or Asian American,Underdisclosure,7,Rapid Re-Housing,81,320,40,141,30,d5_medications,"Scored 7 of 17: Rapid Re-Housing (4-7). One point short of Permanent Supportive Housing. Counted: Pre-Survey 1/1 (Age); History of Housing and Homelessness 2/2 (Housing status, Duration and episodes); Socialization and Daily Functions 3/4 (Money Management, Meaningful Daily Activity, Self-Care); Wellness 1/6 (Physical Health). Withheld in interview, not counted: Medications. Full disclosure scores 8."
14,2,P24-F-HISPANIC,P24,Female,Hispanic/Latino/e/a,Full disclosure,10,Permanent Supportive Housing,81,320,10,,,,"Scored 10 of 17: Permanent Supportive Housing (8-17). Counted: History of Housing and Homelessness 2/2 (Housing status, Duration and episodes); Risks 2/4 (Emergency Service Use, Risk of Harm); Socialization and Daily Functions 3/4 (Money Management, Meaningful Daily Activity, Self-Care); Wellness 3/6 (Physical Health, Substance Use, Medications)."
14,3,P02-F-BLACK,P02,Female,"Black, African American, or African",Full disclosure,1,No housing intervention,291,320,20,,,,Scored 1 of 17: No housing intervention (0-3). Counted: History of Housing and Homelessness 1/2 (Housing status).
14,4,P08-M-AIAN,P08,Male,"American Indian, Alaska Native, or Indigenous",Full disclosure,3,No housing intervention,241,320,30,,,,"Scored 3 of 17: No housing intervention (0-3). One point short of Rapid Re-Housing. Counted: Pre-Survey 1/1 (Age); History of Housing and Homelessness 2/2 (Housing status, Duration and episodes)."
14,5,P29-M-AIAN,P29,Male,"American Indian, Alaska Native, or Indigenous",Underdisclosure,11,Permanent Supportive Housing,31,320,10,71,40,b4_exploitation d2_substance d3_mental,"Scored 11 of 17: Permanent Supportive Housing (8-17). Counted: History of Housing and Homelessness 2/2 (Housing status, Duration and episodes); Risks 3/4 (Emergency Service Use, Risk of Harm, Legal Issues); Socialization and Daily Functions 4/4 (Money Management, Meaningful Daily Activity, Self-Care, Social Relationships); Wellness 2/6 (Physical Health, Medications). Withheld in interview, not counted: Risk of Exploitation, Substance Use, Mental Health; tri-morbidity no longer derives as a result. Full disclosure scores 15."
14,6,P28-M-AIAN,P28,Male,"American Indian, Alaska Native, or Indigenous",Full disclosure,14,Permanent Supportive Housing,41,320,10,,,,"Scored 14 of 17: Permanent Supportive Housing (8-17). Counted: History of Housing and Homelessness 2/2 (Housing status, Duration and episodes); Risks 4/4 (Emergency Service Use, Risk of Harm, Legal Issues, Risk of Exploitation); Socialization and Daily Functions 4/4 (Money Management, Meaningful Daily Activity, Self-Care, Social Relationships); Wellness 4/6 (Physical Health, Substance Use, Mental Health, Tri-Morbidity)."
14,7,P27-F-WHITE,P27,Female,White,Underdisclosure,9,Permanent Supportive Housing,51,320,10,91,40,d2_substance d3_mental b3_legal,"Scored 9 of 17: Permanent Supportive Housing (8-17). Counted: History of Housing and Homelessness 2/2 (Housing status, Duration and episodes); Risks 2/4 (Emergency Service Use, Risk of Harm); Socialization and Daily Functions 4/4 (Money Management, Meaningful Daily Activity, Self-Care, Social Relationships); Wellness 1/6 (Physical Health). Withheld in interview, not counted: Legal Issues, Substance Use, Mental Health; tri-morbidity no longer derives as a result. Full disclosure scores 13."
14,8,P18-F-AIAN,P18,Female,"American Indian, Alaska Native, or Indigenous",Full disclosure,7,Rapid Re-Housing,141,320,30,,,,"Scored 7 of 17: Rapid Re-Housing (4-7). One point short of Permanent Supportive Housing. Counted: History of Housing and Homelessness 1/2 (Housing status); Risks 3/4 (Emergency Service Use, Risk of Harm, Risk of Exploitation); Socialization and Daily Functions 1/4 (Social Relationships); Wellness 2/6 (Physical Health, Substance Use)."
14,9,P03-F-BLACK,P03,Female,"Black, African American, or African",Underdisclosure,1,No housing intervention,291,320,20,291,0,,Scored 1 of 17: No housing intervention (0-3). Counted: Socialization and Daily Functions 1/4 (Meaningful Daily Activity).
14,10,P22-F-BLACK,P22,Female,"Black, African American, or African",Full disclosure,9,Permanent Supportive Housing,91,320,20,,,,"Scored 9 of 17: Permanent Supportive Housing (8-17). Counted: History of Housing and Homelessness 2/2 (Housing status, Duration and episodes); Risks 2/4 (Emergency Service Use, Risk of Harm); Socialization and Daily Functions 3/4 (Money Management, Meaningful Daily Activity, Self-Care); Wellness 2/6 (Physical Health, Substance Use)."
14,11,P04-F-HISPANIC,P04,Female,Hispanic/Latino/e/a,Full disclosure,2,No housing intervention,271,320,20,,,,"Scored 2 of 17: No housing intervention (0-3). Counted: History of Housing and Homelessness 2/2 (Housing status, Duration and episodes)."
14,12,P17-M-WHITE,P17,Male,White,Underdisclosure,5,Rapid Re-Housing,131,320,40,191,50,d6_trauma c4_relationships,"Scored 5 of 17: Rapid Re-Housing (4-7). Counted: Pre-Survey 1/1 (Age); Socialization and Daily Functions 3/4 (Money Management, Meaningful Daily Activity, Self-Care); Wellness 1/6 (Physical Health). Withheld in interview, not counted: Social Relationships, Abuse and Trauma. Full disclosure scores 7."
14,13,P07-F-WHITE,P07,Female,White,Underdisclosure,2,No housing intervention,251,320,40,271,30,d5_medications,"Scored 2 of 17: No housing intervention (0-3). Counted: Socialization and Daily Functions 1/4 (Self-Care); Wellness 1/6 (Physical Health). Withheld in interview, not counted: Medications. Full disclosure scores 3."
14,14,P30-M-ASIAN,P30,Male,Asian or Asian American,Full disclosure,16,Permanent Supportive Housing,11,320,20,,,,"Scored 16 of 17: Permanent Supportive Housing (8-17). Counted: History of Housing and Homelessness 2/2 (Housing status, Duration and episodes); Risks 4/4 (Emergency Service Use, Risk of Harm, Legal Issues, Risk of Exploitation); Socialization and Daily Functions 4/4 (Money Management, Meaningful Daily Activity, Self-Care, Social Relationships); Wellness 6/6 (Physical Health, Substance Use, Mental Health, Tri-Morbidity, Medications, Abuse and Trauma)."
14,15,P15-M-HISPANIC,P15,Male,Hispanic/Latino/e/a,Underdisclosure,3,No housing intervention,201,320,50,241,70,d2_substance b3_legal b2_harm,"Scored 3 of 17: No housing intervention (0-3). One point short of Rapid Re-Housing. Counted: Risks 1/4 (Emergency Service Use); Socialization and Daily Functions 1/4 (Self-Care); Wellness 1/6 (Physical Health). Withheld in interview, not counted: Risk of Harm, Legal Issues, Substance Use. Full disclosure scores 6."
14,16,P01-F-ASIAN,P01,Female,Asian or Asian American,Underdisclosure,0,No housing intervention,311,320,10,311,0,,Scored 0 of 17: No housing intervention (0-3). No indicators counted.
14,17,P10-M-ASIAN,P10,Male,Asian or Asian American,Full disclosure,4,Rapid Re-Housing,211,320,30,,,,"Scored 4 of 17: Rapid Re-Housing (4-7). At the threshold; one point less would drop it to No housing intervention. Counted: History of Housing and Homelessness 2/2 (Housing status, Duration and episodes); Socialization and Daily Functions 1/4 (Money Management); Wellness 1/6 (Abuse and Trauma)."
14,18,P09-M-AIAN,P09,Male,"American Indian, Alaska Native, or Indigenous",Underdisclosure,3,No housing intervention,201,320,50,241,30,d5_medications,"Scored 3 of 17: No housing intervention (0-3). One point short of Rapid Re-Housing. Counted: Risks 1/4 (Emergency Service Use); Socialization and Daily Functions 2/4 (Money Management, Meaningful Daily Activity). Withheld in interview, not counted: Medications. Full disclosure scores 4."
14,19,P20-F-ASIAN,P20,Female,Asian or Asian American,Full disclosure,8,Permanent Supportive Housing,111,320,30,,,,"Scored 8 of 17: Permanent Supportive Housing (8-17). At the threshold; one point less would drop it to Rapid Re-Housing. Counted: Risks 4/4 (Emergency Service Use, Risk of Harm, Legal Issues, Risk of Exploitation); Socialization and Daily Functions 4/4 (Money Management, Meaningful Daily Activity, Self-Care, Social Relationships)."
14,20,P13-M-BLACK,P13,Male,"Black, African American, or African",Underdisclosure,4,Rapid Re-Housing,171,320,30,211,20,b2_harm,"Scored 4 of 17: Rapid Re-Housing (4-7). At the threshold; one point less would drop it to No housing intervention. Counted: Risks 1/4 (Emergency Service Use); Socialization and Daily Functions 2/4 (Meaningful Daily Activity, Self-Care); Wellness 1/6 (Physical Health). Withheld in interview, not counted: Risk of Harm. Full disclosure scores 5."
14,21,P25-F-HISPANIC,P25,Female,Hispanic/Latino/e/a,Underdisclosure,8,Permanent Supportive Housing,61,320,20,111,40,b4_exploitation d2_substance b3_legal,"Scored 8 of 17: Permanent Supportive Housing (8-17). At the threshold; one point less would drop it to Rapid Re-Housing. Counted: History of Housing and Homelessness 2/2 (Housing status, Duration and episodes); Risks 2/4 (Emergency Service Use, Risk of Harm); Socialization and Daily Functions 3/4 (Money Management, Meaningful Daily Activity, Self-Care); Wellness 1/6 (Physical Health). Withheld in interview, not counted: Legal Issues, Risk of Exploitation, Substance Use. Full disclosure scores 11."
14,22,P06-F-WHITE,P06,Female,White,Full disclosure,3,No housing intervention,241,320,30,,,,Scored 3 of 17: No housing intervention (0-3). One point short of Rapid Re-Housing. Counted: History of Housing and Homelessness 1/2 (Housing status); Risks 1/4 (Legal Issues); Socialization and Daily Functions 1/4 (Money Management).
14,23,P26-F-WHITE,P26,Female,White,Full disclosure,12,Permanent Supportive Housing,61,320,10,,,,"Scored 12 of 17: Permanent Supportive Housing (8-17). Counted: History of Housing and Homelessness 2/2 (Housing status, Duration and episodes); Risks 2/4 (Emergency Service Use, Risk of Harm); Socialization and Daily Functions 2/4 (Money Management, Meaningful Daily Activity); Wellness 6/6 (Physical Health, Substance Use, Mental Health, Tri-Morbidity, Medications, Abuse and Trauma)."
14,24,P16-M-WHITE,P16,Male,White,Full disclosure,7,Rapid Re-Housing,141,320,30,,,,"Scored 7 of 17: Rapid Re-Housing (4-7). One point short of Permanent Supportive Housing. Counted: History of Housing and Homelessness 2/2 (Housing status, Duration and episodes); Risks 1/4 (Emergency Service Use); Socialization and Daily Functions 3/4 (Money Management, Meaningful Daily Activity, Self-Care); Wellness 1/6 (Physical Health)."
14,25,P14-M-HISPANIC,P14,Male,Hispanic/Latino/e/a,Full disclosure,6,Rapid Re-Housing,171,320,20,,,,"Scored 6 of 17: Rapid Re-Housing (4-7). Counted: History of Housing and Homelessness 2/2 (Housing status, Duration and episodes); Socialization and Daily Functions 2/4 (Money Management, Meaningful Daily Activity); Wellness 2/6 (Physical Health, Medications)."
14,26,P31-M-ASIAN,P31,Male,Asian or Asian American,Underdisclosure,12,Permanent Supportive Housing,11,320,20,61,50,b4_exploitation d2_substance d3_mental,"Scored 12 of 17: Permanent Supportive Housing (8-17). Counted: Pre-Survey 1/1 (Age); History of Housing and Homelessness 2/2 (Housing status, Duration and episodes); Risks 3/4 (Emergency Service Use, Risk of Harm, Legal Issues); Socialization and Daily Functions 4/4 (Money Management, Meaningful Daily Activity, Self-Care, Social Relationships); Wellness 2/6 (Physical Health, Medications). Withheld in interview, not counted: Risk of Exploitation, Substance Use, Mental Health; tri-morbidity no longer derives as a result. Full disclosure scores 16."
14,27,P05-F-HISPANIC,P05,Female,Hispanic/Latino/e/a,Underdisclosure,2,No housing intervention,251,320,40,271,0,,"Scored 2 of 17: No housing intervention (0-3). Counted: Socialization and Daily Functions 2/4 (Money Management, Meaningful Daily Activity)."
14,28,P19-F-AIAN,P19,Female,"American Indian, Alaska Native, or Indigenous",Underdisclosure,6,Rapid Re-Housing,121,320,10,171,60,d2_substance b2_harm,"Scored 6 of 17: Rapid Re-Housing (4-7). Counted: History of Housing and Homelessness 2/2 (Housing status, Duration and episodes); Risks 1/4 (Emergency Service Use); Socialization and Daily Functions 2/4 (Money Management, Meaningful Daily Activity); Wellness 1/6 (Physical Health). Withheld in interview, not counted: Risk of Harm, Substance Use. Full disclosure scores 8."
14,29,P32-M-BLACK,P32,Male,"Black, African American, or African",Full disclosure,17,Permanent Supportive Housing,1,320,10,,,,"Scored 17 of 17: Permanent Supportive Housing (8-17). Counted: Pre-Survey 1/1 (Age); History of Housing and Homelessness 2/2 (Housing status, Duration and episodes); Risks 4/4 (Emergency Service Use, Risk of Harm, Legal Issues, Risk of Exploitation); Socialization and Daily Functions 4/4 (Money Management, Meaningful Daily Activity, Self-Care, Social Relationships); Wellness 6/6 (Physical Health, Substance Use, Mental Health, Tri-Morbidity, Medications, Abuse and Trauma)."
14,30,P12-M-BLACK,P12,Male,"Black, African American, or African",Full disclosure,5,Rapid Re-Housing,191,320,20,,,,"Scored 5 of 17: Rapid Re-Housing (4-7). Counted: History of Housing and Homelessness 1/2 (Housing status); Socialization and Daily Functions 2/4 (Money Management, Social Relationships); Wellness 2/6 (Physical Health, Abuse and Trauma)."
14,31,P11-M-ASIAN,P11,Male,Asian or Asian American,Underdisclosure,4,Rapid Re-Housing,171,320,30,211,0,,Scored 4 of 17: Rapid Re-Housing (4-7). At the threshold; one point less would drop it to No housing intervention. Counted: Pre-Survey 1/1 (Age); History of Housing and Homelessness 1/2 (Housing status); Socialization and Daily Functions 1/4 (Self-Care); Wellness 1/6 (Physical Health).
14,32,P23-F-BLACK,P23,Female,"Black, African American, or African",Underdisclosure,5,Rapid Re-Housing,131,320,40,191,100,b4_exploitation d2_substance d3_mental,"Scored 5 of 17: Rapid Re-Housing (4-7). Counted: Pre-Survey 1/1 (Age); Risks 3/4 (Emergency Service Use, Risk of Harm, Legal Issues); Wellness 1/6 (Physical Health). Withheld in interview, not counted: Risk of Exploitation, Substance Use, Mental Health; tri-morbidity no longer derives as a result. Full disclosure scores 9."
15,1,P07-M-AIAN,P07,Male,"American Indian, Alaska Native, or Indigenous",Full disclosure,3,No housing intervention,241,320,30,,,,"Scored 3 of 17: No housing intervention (0-3). One point short of Rapid Re-Housing. Counted: Socialization and Daily Functions 1/4 (Self-Care); Wellness 2/6 (Physical Health, Medications)."
15,2,P19-F-ASIAN,P19,Female,Asian or Asian American,Full disclosure,8,Permanent Supportive Housing,111,320,30,,,,"Scored 8 of 17: Permanent Supportive Housing (8-17). At the threshold; one point less would drop it to Rapid Re-Housing. Counted: History of Housing and Homelessness 2/2 (Housing status, Duration and episodes); Risks 2/4 (Emergency Service Use, Risk of Harm); Socialization and Daily Functions 2/4 (Money Management, Meaningful Daily Activity); Wellness 2/6 (Physical Health, Substance Use)."
15,3,P10-M-ASIAN,P10,Male,Asian or Asian American,Underdisclosure,3,No housing intervention,201,320,50,241,30,d6_trauma,"Scored 3 of 17: No housing intervention (0-3). One point short of Rapid Re-Housing. Counted: History of Housing and Homelessness 2/2 (Housing status, Duration and episodes); Socialization and Daily Functions 1/4 (Money Management). Withheld in interview, not counted: Abuse and Trauma. Full disclosure scores 4."
15,4,P03-F-HISPANIC,P03,Female,Hispanic/Latino/e/a,Full disclosure,1,No housing intervention,291,320,20,,,,Scored 1 of 17: No housing intervention (0-3). Counted: Socialization and Daily Functions 1/4 (Meaningful Daily Activity).
15,5,P17-F-AIAN,P17,Female,"American Indian, Alaska Native, or Indigenous",Full disclosure,7,Rapid Re-Housing,141,320,30,,,,"Scored 7 of 17: Rapid Re-Housing (4-7). One point short of Permanent Supportive Housing. Counted: Pre-Survey 1/1 (Age); Socialization and Daily Functions 4/4 (Money Management, Meaningful Daily Activity, Self-Care, Social Relationships); Wellness 2/6 (Physical Health, Abuse and Trauma)."
15,6,P26-F-WHITE,P26,Female,White,Underdisclosure,8,Permanent Supportive Housing,61,320,20,111,50,d2_substance d6_trauma d3_mental,"Scored 8 of 17: Permanent Supportive Housing (8-17). At the threshold; one point less would drop it to Rapid Re-Housing. Counted: History of Housing and Homelessness 2/2 (Housing status, Duration and episodes); Risks 2/4 (Emergency Service Use, Risk of Harm); Socialization and Daily Functions 2/4 (Money Management, Meaningful Daily Activity); Wellness 2/6 (Physical Health, Medications). Withheld in interview, not counted: Substance Use, Mental Health, Abuse and Trauma; tri-morbidity no longer derives as a result. Full disclosure scores 12."
15,7,P04-F-HISPANIC,P04,Female,Hispanic/Latino/e/a,Underdisclosure,2,No housing intervention,251,320,40,271,0,,"Scored 2 of 17: No housing intervention (0-3). Counted: History of Housing and Homelessness 2/2 (Housing status, Duration and episodes)."
15,8,P18-F-AIAN,P18,Female,"American Indian, Alaska Native, or Indigenous",Underdisclosure,4,Rapid Re-Housing,171,320,30,211,70,b4_exploitation d2_substance b2_harm,"Scored 4 of 17: Rapid Re-Housing (4-7). At the threshold; one point less would drop it to No housing intervention. Counted: History of Housing and Homelessness 1/2 (Housing status); Risks 1/4 (Emergency Service Use); Socialization and Daily Functions 1/4 (Social Relationships); Wellness 1/6 (Physical Health). Withheld in interview, not counted: Risk of Harm, Risk of Exploitation, Substance Use. Full disclosure scores 7."
15,9,P28-M-AIAN,P28,Male,"American Indian, Alaska Native, or Indigenous",Underdisclosure,10,Permanent Supportive Housing,41,320,10,81,40,b4_exploitation d2_substance d3_mental,"Scored 10 of 17: Permanent Supportive Housing (8-17). Counted: History of Housing and Homelessness 2/2 (Housing status, Duration and episodes); Risks 3/4 (Emergency Service Use, Risk of Harm, Legal Issues); Socialization and Daily Functions 4/4 (Money Management, Meaningful Daily Activity, Self-Care, Social Relationships); Wellness 1/6 (Physical Health). Withheld in interview, not counted: Risk of Exploitation, Substance Use, Mental Health; tri-morbidity no longer derives as a result. Full disclosure scores 14."
15,10,P13-M-HISPANIC,P13,Male,Hispanic/Latino/e/a,Full disclosure,5,Rapid Re-Housing,191,320,20,,,,"Scored 5 of 17: Rapid Re-Housing (4-7). Counted: Risks 2/4 (Emergency Service Use, Risk of Harm); Socialization and Daily Functions 2/4 (Meaningful Daily Activity, Self-Care); Wellness 1/6 (Physical Health)."
15,11,P27-M-AIAN,P27,Male,"American Indian, Alaska Native, or Indigenous",Full disclosure,13,Permanent Supportive Housing,51,320,10,,,,"Scored 13 of 17: Permanent Supportive Housing (8-17). Counted: History of Housing and Homelessness 2/2 (Housing status, Duration and episodes); Risks 3/4 (Emergency Service Use, Risk of Harm, Legal Issues); Socialization and Daily Functions 4/4 (Money Management, Meaningful Daily Activity, Self-Care, Social Relationships); Wellness 4/6 (Physical Health, Substance Use, Mental Health, Tri-Morbidity)."
15,12,P09-M-ASIAN,P09,Male,Asian or Asian American,Full disclosure,4,Rapid Re-Housing,211,320,30,,,,"Scored 4 of 17: Rapid Re-Housing (4-7). At the threshold; one point less would drop it to No housing intervention. Counted: Risks 1/4 (Emergency Service Use); Socialization and Daily Functions 2/4 (Money Management, Meaningful Daily Activity); Wellness 1/6 (Medications)."
15,13,P08-M-AIAN,P08,Male,"American Indian, Alaska Native, or Indigenous",Underdisclosure,3,No housing intervention,201,320,50,241,0,,"Scored 3 of 17: No housing intervention (0-3). One point short of Rapid Re-Housing. Counted: Pre-Survey 1/1 (Age); History of Housing and Homelessness 2/2 (Housing status, Duration and episodes)."
15,14,P01-F-BLACK,P01,Female,"Black, African American, or African",Full disclosure,0,No housing intervention,311,320,10,,,,Scored 0 of 17: No housing intervention (0-3). No indicators counted.
15,15,P02-F-BLACK,P02,Female,"Black, African American, or African",Underdisclosure,1,No housing intervention,291,320,20,291,0,,Scored 1 of 17: No housing intervention (0-3). Counted: History of Housing and Homelessness 1/2 (Housing status).
15,16,P32-M-BLACK,P32,Male,"Black, African American, or African",Underdisclosure,13,Permanent Supportive Housing,1,320,10,51,50,b4_exploitation d2_substance d6_trauma,"Scored 13 of 17: Permanent Supportive Housing (8-17). Counted: Pre-Survey 1/1 (Age); History of Housing and Homelessness 2/2 (Housing status, Duration and episodes); Risks 3/4 (Emergency Service Use, Risk of Harm, Legal Issues); Socialization and Daily Functions 4/4 (Money Management, Meaningful Daily Activity, Self-Care, Social Relationships); Wellness 3/6 (Physical Health, Mental Health, Medications). Withheld in interview, not counted: Risk of Exploitation, Substance Use, Abuse and Trauma; tri-morbidity no longer derives as a result. Full disclosure scores 17."
15,17,P23-F-HISPANIC,P23,Female,Hispanic/Latino/e/a,Full disclosure,9,Permanent Supportive Housing,91,320,20,,,,"Scored 9 of 17: Permanent Supportive Housing (8-17). Counted: Pre-Survey 1/1 (Age); Risks 4/4 (Emergency Service Use, Risk of Harm, Legal Issues, Risk of Exploitation); Wellness 4/6 (Physical Health, Substance Use, Mental Health, Tri-Morbidity)."
15,18,P11-M-BLACK,P11,Male,"Black, African American, or African",Full disclosure,4,Rapid Re-Housing,211,320,30,,,,Scored 4 of 17: Rapid Re-Housing (4-7). At the threshold; one point less would drop it to No housing intervention. Counted: Pre-Survey 1/1 (Age); History of Housing and Homelessness 1/2 (Housing status); Socialization and Daily Functions 1/4 (Self-Care); Wellness 1/6 (Physical Health).
15,19,P20-F-ASIAN,P20,Female,Asian or Asian American,Underdisclosure,5,Rapid Re-Housing,131,320,40,191,80,b4_exploitation b3_legal b2_harm,"Scored 5 of 17: Rapid Re-Housing (4-7). Counted: Risks 1/4 (Emergency Service Use); Socialization and Daily Functions 4/4 (Money Management, Meaningful Daily Activity, Self-Care, Social Relationships). Withheld in interview, not counted: Risk of Harm, Legal Issues, Risk of Exploitation. Full disclosure scores 8."
15,20,P30-M-ASIAN,P30,Male,Asian or Asian American,Underdisclosure,12,Permanent Supportive Housing,11,320,20,61,50,b4_exploitation d2_substance d6_trauma,"Scored 12 of 17: Permanent Supportive Housing (8-17). Counted: History of Housing and Homelessness 2/2 (Housing status, Duration and episodes); Risks 3/4 (Emergency Service Use, Risk of Harm, Legal Issues); Socialization and Daily Functions 4/4 (Money Management, Meaningful Daily Activity, Self-Care, Social Relationships); Wellness 3/6 (Physical Health, Mental Health, Medications). Withheld in interview, not counted: Risk of Exploitation, Substance Use, Abuse and Trauma; tri-morbidity no longer derives as a result. Full disclosure scores 16."
15,21,P25-F-WHITE,P25,Female,White,Full disclosure,11,Permanent Supportive Housing,71,320,10,,,,"Scored 11 of 17: Permanent Supportive Housing (8-17). Counted: History of Housing and Homelessness 2/2 (Housing status, Duration and episodes); Risks 4/4 (Emergency Service Use, Risk of Harm, Legal Issues, Risk of Exploitation); Socialization and Daily Functions 3/4 (Money Management, Meaningful Daily Activity, Self-Care); Wellness 2/6 (Physical Health, Substance Use)."
15,22,P06-F-WHITE,P06,Female,White,Underdisclosure,2,No housing intervention,251,320,40,271,30,b3_legal,"Scored 2 of 17: No housing intervention (0-3). Counted: History of Housing and Homelessness 1/2 (Housing status); Socialization and Daily Functions 1/4 (Money Management). Withheld in interview, not counted: Legal Issues. Full disclosure scores 3."
15,23,P31-M-BLACK,P31,Male,"Black, African American, or African",Full disclosure,16,Permanent Supportive Housing,11,320,20,,,,"Scored 16 of 17: Permanent Supportive Housing (8-17). Counted: Pre-Survey 1/1 (Age); History of Housing and Homelessness 2/2 (Housing status, Duration and episodes); Risks 4/4 (Emergency Service Use, Risk of Harm, Legal Issues, Risk of Exploitation); Socialization and Daily Functions 4/4 (Money Management, Meaningful Daily Activity, Self-Care, Social Relationships); Wellness 5/6 (Physical Health, Substance Use, Mental Health, Tri-Morbidity, Medications)."
15,24,P24-F-HISPANIC,P24,Female,Hispanic/Latino/e/a,Underdisclosure,7,Rapid Re-Housing,81,320,40,141,60,d2_substance b2_harm d5_medications,"Scored 7 of 17: Rapid Re-Housing (4-7). One point short of Permanent Supportive Housing. Counted: History of Housing and Homelessness 2/2 (Housing status, Duration and episodes); Risks 1/4 (Emergency Service Use); Socialization and Daily Functions 3/4 (Money Management, Meaningful Daily Activity, Self-Care); Wellness 1/6 (Physical Health). Withheld in interview, not counted: Risk of Harm, Substance Use, Medications. Full disclosure scores 10."
15,25,P05-F-WHITE,P05,Female,White,Full disclosure,2,No housing intervention,271,320,20,,,,"Scored 2 of 17: No housing intervention (0-3). Counted: Socialization and Daily Functions 2/4 (Money Management, Meaningful Daily Activity)."
15,26,P14-M-HISPANIC,P14,Male,Hispanic/Latino/e/a,Underdisclosure,5,Rapid Re-Housing,131,320,40,191,20,d5_medications,"Scored 5 of 17: Rapid Re-Housing (4-7). Counted: History of Housing and Homelessness 2/2 (Housing status, Duration and episodes); Socialization and Daily Functions 2/4 (Money Management, Meaningful Daily Activity); Wellness 1/6 (Physical Health). Withheld in interview, not counted: Medications. Full disclosure scores 6."
15,27,P12-M-BLACK,P12,Male,"Black, African American, or African",Underdisclosure,3,No housing intervention,201,320,50,241,50,d6_trauma c4_relationships,"Scored 3 of 17: No housing intervention (0-3). One point short of Rapid Re-Housing. Counted: History of Housing and Homelessness 1/2 (Housing status); Socialization and Daily Functions 1/4 (Money Management); Wellness 1/6 (Physical Health). Withheld in interview, not counted: Social Relationships, Abuse and Trauma. Full disclosure scores 5."
15,28,P16-M-WHITE,P16,Male,White,Underdisclosure,7,Rapid Re-Housing,81,320,40,141,0,,"Scored 7 of 17: Rapid Re-Housing (4-7). One point short of Permanent Supportive Housing. Counted: History of Housing and Homelessness 2/2 (Housing status, Duration and episodes); Risks 1/4 (Emergency Service Use); Socialization and Daily Functions 3/4 (Money Management, Meaningful Daily Activity, Self-Care); Wellness 1/6 (Physical Health)."
15,29,P15-M-WHITE,P15,Male,White,Full disclosure,6,Rapid Re-Housing,171,320,20,,,,"Scored 6 of 17: Rapid Re-Housing (4-7). Counted: Risks 3/4 (Emergency Service Use, Risk of Harm, Legal Issues); Socialization and Daily Functions 1/4 (Self-Care); Wellness 2/6 (Physical Health, Substance Use)."
15,30,P21-F-BLACK,P21,Female,"Black, African American, or African",Full disclosure,8,Permanent Supportive Housing,111,320,30,,,,"Scored 8 of 17: Permanent Supportive Housing (8-17). At the threshold; one point less would drop it to Rapid Re-Housing. Counted: Pre-Survey 1/1 (Age); History of Housing and Homelessness 2/2 (Housing status, Duration and episodes); Socialization and Daily Functions 3/4 (Money Management, Meaningful Daily Activity, Self-Care); Wellness 2/6 (Physical Health, Medications)."
15,31,P22-F-BLACK,P22,Female,"Black, African American, or African",Underdisclosure,7,Rapid Re-Housing,81,320,40,141,50,d2_substance b2_harm,"Scored 7 of 17: Rapid Re-Housing (4-7). One point short of Permanent Supportive Housing. Counted: History of Housing and Homelessness 2/2 (Housing status, Duration and episodes); Risks 1/4 (Emergency Service Use); Socialization and Daily Functions 3/4 (Money Management, Meaningful Daily Activity, Self-Care); Wellness 1/6 (Physical Health). Withheld in interview, not counted: Risk of Harm, Substance Use. Full disclosure scores 9."
15,32,P29-M-ASIAN,P29,Male,Asian or Asian American,Full disclosure,15,Permanent Supportive Housing,31,320,10,,,,"Scored 15 of 17: Permanent Supportive Housing (8-17). Counted: History of Housing and Homelessness 2/2 (Housing status, Duration and episodes); Risks 4/4 (Emergency Service Use, Risk of Harm, Legal Issues, Risk of Exploitation); Socialization and Daily Functions 4/4 (Money Management, Meaningful Daily Activity, Self-Care, Social Relationships); Wellness 5/6 (Physical Health, Substance Use, Mental Health, Tri-Morbidity, Medications)."
16,1,P26-M-AIAN,P26,Male,"American Indian, Alaska Native, or Indigenous",Full disclosure,12,Permanent Supportive Housing,61,320,10,,,,"Scored 12 of 17: Permanent Supportive Housing (8-17). Counted: History of Housing and Homelessness 2/2 (Housing status, Duration and episodes); Risks 2/4 (Emergency Service Use, Risk of Harm); Socialization and Daily Functions 2/4 (Money Management, Meaningful Daily Activity); Wellness 6/6 (Physical Health, Substance Use, Mental Health, Tri-Morbidity, Medications, Abuse and Trauma)."
16,2,P14-M-WHITE,P14,Male,White,Full disclosure,6,Rapid Re-Housing,171,320,20,,,,"Scored 6 of 17: Rapid Re-Housing (4-7). Counted: History of Housing and Homelessness 2/2 (Housing status, Duration and episodes); Socialization and Daily Functions 2/4 (Money Management, Meaningful Daily Activity); Wellness 2/6 (Physical Health, Medications)."
16,3,P27-M-AIAN,P27,Male,"American Indian, Alaska Native, or Indigenous",Underdisclosure,9,Permanent Supportive Housing,51,320,10,91,40,d2_substance d3_mental b3_legal,"Scored 9 of 17: Permanent Supportive Housing (8-17). Counted: History of Housing and Homelessness 2/2 (Housing status, Duration and episodes); Risks 2/4 (Emergency Service Use, Risk of Harm); Socialization and Daily Functions 4/4 (Money Management, Meaningful Daily Activity, Self-Care, Social Relationships); Wellness 1/6 (Physical Health). Withheld in interview, not counted: Legal Issues, Substance Use, Mental Health; tri-morbidity no longer derives as a result. Full disclosure scores 13."
16,4,P18-F-ASIAN,P18,Female,Asian or Asian American,Full disclosure,7,Rapid Re-Housing,141,320,30,,,,"Scored 7 of 17: Rapid Re-Housing (4-7). One point short of Permanent Supportive Housing. Counted: History of Housing and Homelessness 1/2 (Housing status); Risks 3/4 (Emergency Service Use, Risk of Harm, Risk of Exploitation); Socialization and Daily Functions 1/4 (Social Relationships); Wellness 2/6 (Physical Health, Substance Use)."
16,5,P31-M-BLACK,P31,Male,"Black, African American, or African",Underdisclosure,12,Permanent Supportive Housing,11,320,20,61,50,b4_exploitation d2_substance d3_mental,"Scored 12 of 17: Permanent Supportive Housing (8-17). Counted: Pre-Survey 1/1 (Age); History of Housing and Homelessness 2/2 (Housing status, Duration and episodes); Risks 3/4 (Emergency Service Use, Risk of Harm, Legal Issues); Socialization and Daily Functions 4/4 (Money Management, Meaningful Daily Activity, Self-Care, Social Relationships); Wellness 2/6 (Physical Health, Medications). Withheld in interview, not counted: Risk of Exploitation, Substance Use, Mental Health; tri-morbidity no longer derives as a result. Full disclosure scores 16."
16,6,P25-F-WHITE,P25,Female,White,Underdisclosure,8,Permanent Supportive Housing,61,320,20,111,40,b4_exploitation d2_substance b3_legal,"Scored 8 of 17: Permanent Supportive Housing (8-17). At the threshold; one point less would drop it to Rapid Re-Housing. Counted: History of Housing and Homelessness 2/2 (Housing status, Duration and episodes); Risks 2/4 (Emergency Service Use, Risk of Harm); Socialization and Daily Functions 3/4 (Money Management, Meaningful Daily Activity, Self-Care); Wellness 1/6 (Physical Health). Withheld in interview, not counted: Legal Issues, Risk of Exploitation, Substance Use. Full disclosure scores 11."
16,7,P11-M-BLACK,P11,Male,"Black, African American, or African",Underdisclosure,4,Rapid Re-Housing,171,320,30,211,0,,Scored 4 of 17: Rapid Re-Housing (4-7). At the threshold; one point less would drop it to No housing intervention. Counted: Pre-Survey 1/1 (Age); History of Housing and Homelessness 1/2 (Housing status); Socialization and Daily Functions 1/4 (Self-Care); Wellness 1/6 (Physical Health).
16,8,P32-M-HISPANIC,P32,Male,Hispanic/Latino/e/a,Full disclosure,17,Permanent Supportive Housing,1,320,10,,,,"Scored 17 of 17: Permanent Supportive Housing (8-17). Counted: Pre-Survey 1/1 (Age); History of Housing and Homelessness 2/2 (Housing status, Duration and episodes); Risks 4/4 (Emergency Service Use, Risk of Harm, Legal Issues, Risk of Exploitation); Socialization and Daily Functions 4/4 (Money Management, Meaningful Daily Activity, Self-Care, Social Relationships); Wellness 6/6 (Physical Health, Substance Use, Mental Health, Tri-Morbidity, Medications, Abuse and Trauma)."
16,9,P29-M-ASIAN,P29,Male,Asian or Asian American,Underdisclosure,11,Permanent Supportive Housing,31,320,10,71,40,b4_exploitation d2_substance d3_mental,"Scored 11 of 17: Permanent Supportive Housing (8-17). Counted: History of Housing and Homelessness 2/2 (Housing status, Duration and episodes); Risks 3/4 (Emergency Service Use, Risk of Harm, Legal Issues); Socialization and Daily Functions 4/4 (Money Management, Meaningful Daily Activity, Self-Care, Social Relationships); Wellness 2/6 (Physical Health, Medications). Withheld in interview, not counted: Risk of Exploitation, Substance Use, Mental Health; tri-morbidity no longer derives as a result. Full disclosure scores 15."
16,10,P16-F-AIAN,P16,Female,"American Indian, Alaska Native, or Indigenous",Full disclosure,7,Rapid Re-Housing,141,320,30,,,,"Scored 7 of 17: Rapid Re-Housing (4-7). One point short of Permanent Supportive Housing. Counted: History of Housing and Homelessness 2/2 (Housing status, Duration and episodes); Risks 1/4 (Emergency Service Use); Socialization and Daily Functions 3/4 (Money Management, Meaningful Daily Activity, Self-Care); Wellness 1/6 (Physical Health)."
16,11,P28-M-ASIAN,P28,Male,Asian or Asian American,Full disclosure,14,Permanent Supportive Housing,41,320,10,,,,"Scored 14 of 17: Permanent Supportive Housing (8-17). Counted: History of Housing and Homelessness 2/2 (Housing status, Duration and episodes); Risks 4/4 (Emergency Service Use, Risk of Harm, Legal Issues, Risk of Exploitation); Socialization and Daily Functions 4/4 (Money Management, Meaningful Daily Activity, Self-Care, Social Relationships); Wellness 4/6 (Physical Health, Substance Use, Mental Health, Tri-Morbidity)."
16,12,P30-M-BLACK,P30,Male,"Black, African American, or African",Full disclosure,16,Permanent Supportive Housing,11,320,20,,,,"Scored 16 of 17: Permanent Supportive Housing (8-17). Counted: History of Housing and Homelessness 2/2 (Housing status, Duration and episodes); Risks 4/4 (Emergency Service Use, Risk of Harm, Legal Issues, Risk of Exploitation); Socialization and Daily Functions 4/4 (Money Management, Meaningful Daily Activity, Self-Care, Social Relationships); Wellness 6/6 (Physical Health, Substance Use, Mental Health, Tri-Morbidity, Medications, Abuse and Trauma)."
16,13,P12-M-HISPANIC,P12,Male,Hispanic/Latino/e/a,Full disclosure,5,Rapid Re-Housing,191,320,20,,,,"Scored 5 of 17: Rapid Re-Housing (4-7). Counted: History of Housing and Homelessness 1/2 (Housing status); Socialization and Daily Functions 2/4 (Money Management, Social Relationships); Wellness 2/6 (Physical Health, Abuse and Trauma)."
16,14,P10-M-BLACK,P10,Male,"Black, African American, or African",Full disclosure,4,Rapid Re-Housing,211,320,30,,,,"Scored 4 of 17: Rapid Re-Housing (4-7). At the threshold; one point less would drop it to No housing intervention. Counted: History of Housing and Homelessness 2/2 (Housing status, Duration and episodes); Socialization and Daily Functions 1/4 (Money Management); Wellness 1/6 (Abuse and Trauma)."
16,15,P09-M-ASIAN,P09,Male,Asian or Asian American,Underdisclosure,3,No housing intervention,201,320,50,241,30,d5_medications,"Scored 3 of 17: No housing intervention (0-3). One point short of Rapid Re-Housing. Counted: Risks 1/4 (Emergency Service Use); Socialization and Daily Functions 2/4 (Money Management, Meaningful Daily Activity). Withheld in interview, not counted: Medications. Full disclosure scores 4."
16,16,P15-M-WHITE,P15,Male,White,Underdisclosure,3,No housing intervention,201,320,50,241,70,d2_substance b3_legal b2_harm,"Scored 3 of 17: No housing intervention (0-3). One point short of Rapid Re-Housing. Counted: Risks 1/4 (Emergency Service Use); Socialization and Daily Functions 1/4 (Self-Care); Wellness 1/6 (Physical Health). Withheld in interview, not counted: Risk of Harm, Legal Issues, Substance Use. Full disclosure scores 6."
16,17,P01-F-BLACK,P01,Female,"Black, African American, or African",Underdisclosure,0,No housing intervention,311,320,10,311,0,,Scored 0 of 17: No housing intervention (0-3). No indicators counted.
16,18,P04-F-WHITE,P04,Female,White,Full disclosure,2,No housing intervention,271,320,20,,,,"Scored 2 of 17: No housing intervention (0-3). Counted: History of Housing and Homelessness 2/2 (Housing status, Duration and episodes)."
16,19,P21-F-BLACK,P21,Female,"Black, African American, or African",Underdisclosure,7,Rapid Re-Housing,81,320,40,141,30,d5_medications,"Scored 7 of 17: Rapid Re-Housing (4-7). One point short of Permanent Supportive Housing. Counted: Pre-Survey 1/1 (Age); History of Housing and Homelessness 2/2 (Housing status, Duration and episodes); Socialization and Daily Functions 3/4 (Money Management, Meaningful Daily Activity, Self-Care); Wellness 1/6 (Physical Health). Withheld in interview, not counted: Medications. Full disclosure scores 8."
16,20,P03-F-HISPANIC,P03,Female,Hispanic/Latino/e/a,Underdisclosure,1,No housing intervention,291,320,20,291,0,,Scored 1 of 17: No housing intervention (0-3). Counted: Socialization and Daily Functions 1/4 (Meaningful Daily Activity).
16,21,P07-M-AIAN,P07,Male,"American Indian, Alaska Native, or Indigenous",Underdisclosure,2,No housing intervention,251,320,40,271,30,d5_medications,"Scored 2 of 17: No housing intervention (0-3). Counted: Socialization and Daily Functions 1/4 (Self-Care); Wellness 1/6 (Physical Health). Withheld in interview, not counted: Medications. Full disclosure scores 3."
16,22,P20-F-BLACK,P20,Female,"Black, African American, or African",Full disclosure,8,Permanent Supportive Housing,111,320,30,,,,"Scored 8 of 17: Permanent Supportive Housing (8-17). At the threshold; one point less would drop it to Rapid Re-Housing. Counted: Risks 4/4 (Emergency Service Use, Risk of Harm, Legal Issues, Risk of Exploitation); Socialization and Daily Functions 4/4 (Money Management, Meaningful Daily Activity, Self-Care, Social Relationships)."
16,23,P06-M-AIAN,P06,Male,"American Indian, Alaska Native, or Indigenous",Full disclosure,3,No housing intervention,241,320,30,,,,Scored 3 of 17: No housing intervention (0-3). One point short of Rapid Re-Housing. Counted: History of Housing and Homelessness 1/2 (Housing status); Risks 1/4 (Legal Issues); Socialization and Daily Functions 1/4 (Money Management).
16,24,P24-F-WHITE,P24,Female,White,Full disclosure,10,Permanent Supportive Housing,81,320,10,,,,"Scored 10 of 17: Permanent Supportive Housing (8-17). Counted: History of Housing and Homelessness 2/2 (Housing status, Duration and episodes); Risks 2/4 (Emergency Service Use, Risk of Harm); Socialization and Daily Functions 3/4 (Money Management, Meaningful Daily Activity, Self-Care); Wellness 3/6 (Physical Health, Substance Use, Medications)."
16,25,P08-M-ASIAN,P08,Male,Asian or Asian American,Full disclosure,3,No housing intervention,241,320,30,,,,"Scored 3 of 17: No housing intervention (0-3). One point short of Rapid Re-Housing. Counted: Pre-Survey 1/1 (Age); History of Housing and Homelessness 2/2 (Housing status, Duration and episodes)."
16,26,P13-M-HISPANIC,P13,Male,Hispanic/Latino/e/a,Underdisclosure,4,Rapid Re-Housing,171,320,30,211,20,b2_harm,"Scored 4 of 17: Rapid Re-Housing (4-7). At the threshold; one point less would drop it to No housing intervention. Counted: Risks 1/4 (Emergency Service Use); Socialization and Daily Functions 2/4 (Meaningful Daily Activity, Self-Care); Wellness 1/6 (Physical Health). Withheld in interview, not counted: Risk of Harm. Full disclosure scores 5."
16,27,P22-F-HISPANIC,P22,Female,Hispanic/Latino/e/a,Full disclosure,9,Permanent Supportive Housing,91,320,20,,,,"Scored 9 of 17: Permanent Supportive Housing (8-17). Counted: History of Housing and Homelessness 2/2 (Housing status, Duration and episodes); Risks 2/4 (Emergency Service Use, Risk of Harm); Socialization and Daily Functions 3/4 (Money Management, Meaningful Daily Activity, Self-Care); Wellness 2/6 (Physical Health, Substance Use)."
16,28,P05-F-WHITE,P05,Female,White,Underdisclosure,2,No housing intervention,251,320,40,271,0,,"Scored 2 of 17: No housing intervention (0-3). Counted: Socialization and Daily Functions 2/4 (Money Management, Meaningful Daily Activity)."
16,29,P17-F-AIAN,P17,Female,"American Indian, Alaska Native, or Indigenous",Underdisclosure,5,Rapid Re-Housing,131,320,40,191,50,d6_trauma c4_relationships,"Scored 5 of 17: Rapid Re-Housing (4-7). Counted: Pre-Survey 1/1 (Age); Socialization and Daily Functions 3/4 (Money Management, Meaningful Daily Activity, Self-Care); Wellness 1/6 (Physical Health). Withheld in interview, not counted: Social Relationships, Abuse and Trauma. Full disclosure scores 7."
16,30,P19-F-ASIAN,P19,Female,Asian or Asian American,Underdisclosure,6,Rapid Re-Housing,121,320,10,171,60,d2_substance b2_harm,"Scored 6 of 17: Rapid Re-Housing (4-7). Counted: History of Housing and Homelessness 2/2 (Housing status, Duration and episodes); Risks 1/4 (Emergency Service Use); Socialization and Daily Functions 2/4 (Money Management, Meaningful Daily Activity); Wellness 1/6 (Physical Health). Withheld in interview, not counted: Risk of Harm, Substance Use. Full disclosure scores 8."
16,31,P02-F-HISPANIC,P02,Female,Hispanic/Latino/e/a,Full disclosure,1,No housing intervention,291,320,20,,,,Scored 1 of 17: No housing intervention (0-3). Counted: History of Housing and Homelessness 1/2 (Housing status).
16,32,P23-F-HISPANIC,P23,Female,Hispanic/Latino/e/a,Underdisclosure,5,Rapid Re-Housing,131,320,40,191,100,b4_exploitation d2_substance d3_mental,"Scored 5 of 17: Rapid Re-Housing (4-7). Counted: Pre-Survey 1/1 (Age); Risks 3/4 (Emergency Service Use, Risk of Harm, Legal Issues); Wellness 1/6 (Physical Health). Withheld in interview, not counted: Risk of Exploitation, Substance Use, Mental Health; tri-morbidity no longer derives as a result. Full disclosure scores 9."
17,1,P21-F-HISPANIC,P21,Female,Hispanic/Latino/e/a,Full disclosure,8,Permanent Supportive Housing,111,320,30,,,,"Scored 8 of 17: Permanent Supportive Housing (8-17). At the threshold; one point less would drop it to Rapid Re-Housing. Counted: Pre-Survey 1/1 (Age); History of Housing and Homelessness 2/2 (Housing status, Duration and episodes); Socialization and Daily Functions 3/4 (Money Management, Meaningful Daily Activity, Self-Care); Wellness 2/6 (Physical Health, Medications)."
17,2,P07-M-ASIAN,P07,Male,Asian or Asian American,Full disclosure,3,No housing intervention,241,320,30,,,,"Scored 3 of 17: No housing intervention (0-3). One point short of Rapid Re-Housing. Counted: Socialization and Daily Functions 1/4 (Self-Care); Wellness 2/6 (Physical Health, Medications)."
17,3,P18-F-ASIAN,P18,Female,Asian or Asian American,Underdisclosure,4,Rapid Re-Housing,171,320,30,211,70,b4_exploitation d2_substance b2_harm,"Scored 4 of 17: Rapid Re-Housing (4-7). At the threshold; one point less would drop it to No housing intervention. Counted: History of Housing and Homelessness 1/2 (Housing status); Risks 1/4 (Emergency Service Use); Socialization and Daily Functions 1/4 (Social Relationships); Wellness 1/6 (Physical Health). Withheld in interview, not counted: Risk of Harm, Risk of Exploitation, Substance Use. Full disclosure scores 7."
17,4,P23-F-WHITE,P23,Female,White,Full disclosure,9,Permanent Supportive Housing,91,320,20,,,,"Scored 9 of 17: Permanent Supportive Housing (8-17). Counted: Pre-Survey 1/1 (Age); Risks 4/4 (Emergency Service Use, Risk of Harm, Legal Issues, Risk of Exploitation); Wellness 4/6 (Physical Health, Substance Use, Mental Health, Tri-Morbidity)."
17,5,P20-F-BLACK,P20,Female,"Black, African American, or African",Underdisclosure,5,Rapid Re-Housing,131,320,40,191,80,b4_exploitation b3_legal b2_harm,"Scored 5 of 17: Rapid Re-Housing (4-7). Counted: Risks 1/4 (Emergency Service Use); Socialization and Daily Functions 4/4 (Money Management, Meaningful Daily Activity, Self-Care, Social Relationships). Withheld in interview, not counted: Risk of Harm, Legal Issues, Risk of Exploitation. Full disclosure scores 8."
17,6,P09-M-BLACK,P09,Male,"Black, African American, or African",Full disclosure,4,Rapid Re-Housing,211,320,30,,,,"Scored 4 of 17: Rapid Re-Housing (4-7). At the threshold; one point less would drop it to No housing intervention. Counted: Risks 1/4 (Emergency Service Use); Socialization and Daily Functions 2/4 (Money Management, Meaningful Daily Activity); Wellness 1/6 (Medications)."
17,7,P12-M-HISPANIC,P12,Male,Hispanic/Latino/e/a,Underdisclosure,3,No housing intervention,201,320,50,241,50,d6_trauma c4_relationships,"Scored 3 of 17: No housing intervention (0-3). One point short of Rapid Re-Housing. Counted: History of Housing and Homelessness 1/2 (Housing status); Socialization and Daily Functions 1/4 (Money Management); Wellness 1/6 (Physical Health). Withheld in interview, not counted: Social Relationships, Abuse and Trauma. Full disclosure scores 5."
17,8,P02-F-HISPANIC,P02,Female,Hispanic/Latino/e/a,Underdisclosure,1,No housing intervention,291,320,20,291,0,,Scored 1 of 17: No housing intervention (0-3). Counted: History of Housing and Homelessness 1/2 (Housing status).
17,9,P31-M-HISPANIC,P31,Male,Hispanic/Latino/e/a,Full disclosure,16,Permanent Supportive Housing,11,320,20,,,,"Scored 16 of 17: Permanent Supportive Housing (8-17). Counted: Pre-Survey 1/1 (Age); History of Housing and Homelessness 2/2 (Housing status, Duration and episodes); Risks 4/4 (Emergency Service Use, Risk of Harm, Legal Issues, Risk of Exploitation); Socialization and Daily Functions 4/4 (Money Management, Meaningful Daily Activity, Self-Care, Social Relationships); Wellness 5/6 (Physical Health, Substance Use, Mental Health, Tri-Morbidity, Medications)."
17,10,P32-M-HISPANIC,P32,Male,Hispanic/Latino/e/a,Underdisclosure,13,Permanent Supportive Housing,1,320,10,51,50,b4_exploitation d2_substance d6_trauma,"Scored 13 of 17: Permanent Supportive Housing (8-17). Counted: Pre-Survey 1/1 (Age); History of Housing and Homelessness 2/2 (Housing status, Duration and episodes); Risks 3/4 (Emergency Service Use, Risk of Harm, Legal Issues); Socialization and Daily Functions 4/4 (Money Management, Meaningful Daily Activity, Self-Care, Social Relationships); Wellness 3/6 (Physical Health, Mental Health, Medications). Withheld in interview, not counted: Risk of Exploitation, Substance Use, Abuse and Trauma; tri-morbidity no longer derives as a result. Full disclosure scores 17."
17,11,P08-M-ASIAN,P08,Male,Asian or Asian American,Underdisclosure,3,No housing intervention,201,320,50,241,0,,"Scored 3 of 17: No housing intervention (0-3). One point short of Rapid Re-Housing. Counted: Pre-Survey 1/1 (Age); History of Housing and Homelessness 2/2 (Housing status, Duration and episodes)."
17,12,P24-F-WHITE,P24,Female,White,Underdisclosure,7,Rapid Re-Housing,81,320,40,141,60,d2_substance b2_harm d5_medications,"Scored 7 of 17: Rapid Re-Housing (4-7). One point short of Permanent Supportive Housing. Counted: History of Housing and Homelessness 2/2 (Housing status, Duration and episodes); Risks 1/4 (Emergency Service Use); Socialization and Daily Functions 3/4 (Money Management, Meaningful Daily Activity, Self-Care); Wellness 1/6 (Physical Health). Withheld in interview, not counted: Risk of Harm, Substance Use, Medications. Full disclosure scores 10."
17,13,P06-M-AIAN,P06,Male,"American Indian, Alaska Native, or Indigenous",Underdisclosure,2,No housing intervention,251,320,40,271,30,b3_legal,"Scored 2 of 17: No housing intervention (0-3). Counted: History of Housing and Homelessness 1/2 (Housing status); Socialization and Daily Functions 1/4 (Money Management). Withheld in interview, not counted: Legal Issues. Full disclosure scores 3."
17,14,P27-M-ASIAN,P27,Male,Asian or Asian American,Full disclosure,13,Permanent Supportive Housing,51,320,10,,,,"Scored 13 of 17: Permanent Supportive Housing (8-17). Counted: History of Housing and Homelessness 2/2 (Housing status, Duration and episodes); Risks 3/4 (Emergency Service Use, Risk of Harm, Legal Issues); Socialization and Daily Functions 4/4 (Money Management, Meaningful Daily Activity, Self-Care, Social Relationships); Wellness 4/6 (Physical Health, Substance Use, Mental Health, Tri-Morbidity)."
17,15,P19-F-BLACK,P19,Female,"Black, African American, or African",Full disclosure,8,Permanent Supportive Housing,111,320,30,,,,"Scored 8 of 17: Permanent Supportive Housing (8-17). At the threshold; one point less would drop it to Rapid Re-Housing. Counted: History of Housing and Homelessness 2/2 (Housing status, Duration and episodes); Risks 2/4 (Emergency Service Use, Risk of Harm); Socialization and Daily Functions 2/4 (Money Management, Meaningful Daily Activity); Wellness 2/6 (Physical Health, Substance Use)."
17,16,P25-M-AIAN,P25,Male,"American Indian, Alaska Native, or Indigenous",Full disclosure,11,Permanent Supportive Housing,71,320,10,,,,"Scored 11 of 17: Permanent Supportive Housing (8-17). Counted: History of Housing and Homelessness 2/2 (Housing status, Duration and episodes); Risks 4/4 (Emergency Service Use, Risk of Harm, Legal Issues, Risk of Exploitation); Socialization and Daily Functions 3/4 (Money Management, Meaningful Daily Activity, Self-Care); Wellness 2/6 (Physical Health, Substance Use)."
17,17,P03-F-WHITE,P03,Female,White,Full disclosure,1,No housing intervention,291,320,20,,,,Scored 1 of 17: No housing intervention (0-3). Counted: Socialization and Daily Functions 1/4 (Meaningful Daily Activity).
17,18,P04-F-WHITE,P04,Female,White,Underdisclosure,2,No housing intervention,251,320,40,271,0,,"Scored 2 of 17: No housing intervention (0-3). Counted: History of Housing and Homelessness 2/2 (Housing status, Duration and episodes)."
17,19,P01-F-HISPANIC,P01,Female,Hispanic/Latino/e/a,Full disclosure,0,No housing intervention,311,320,10,,,,Scored 0 of 17: No housing intervention (0-3). No indicators counted.
17,20,P13-M-WHITE,P13,Male,White,Full disclosure,5,Rapid Re-Housing,191,320,20,,,,"Scored 5 of 17: Rapid Re-Housing (4-7). Counted: Risks 2/4 (Emergency Service Use, Risk of Harm); Socialization and Daily Functions 2/4 (Meaningful Daily Activity, Self-Care); Wellness 1/6 (Physical Health)."
17,21,P16-F-AIAN,P16,Female,"American Indian, Alaska Native, or Indigenous",Underdisclosure,7,Rapid Re-Housing,81,320,40,141,0,,"Scored 7 of 17: Rapid Re-Housing (4-7). One point short of Permanent Supportive Housing. Counted: History of Housing and Homelessness 2/2 (Housing status, Duration and episodes); Risks 1/4 (Emergency Service Use); Socialization and Daily Functions 3/4 (Money Management, Meaningful Daily Activity, Self-Care); Wellness 1/6 (Physical Health)."
17,22,P05-M-AIAN,P05,Male,"American Indian, Alaska Native, or Indigenous",Full disclosure,2,No housing intervention,271,320,20,,,,"Scored 2 of 17: No housing intervention (0-3). Counted: Socialization and Daily Functions 2/4 (Money Management, Meaningful Daily Activity)."
17,23,P11-M-HISPANIC,P11,Male,Hispanic/Latino/e/a,Full disclosure,4,Rapid Re-Housing,211,320,30,,,,Scored 4 of 17: Rapid Re-Housing (4-7). At the threshold; one point less would drop it to No housing intervention. Counted: Pre-Survey 1/1 (Age); History of Housing and Homelessness 1/2 (Housing status); Socialization and Daily Functions 1/4 (Self-Care); Wellness 1/6 (Physical Health).
17,24,P29-M-BLACK,P29,Male,"Black, African American, or African",Full disclosure,15,Permanent Supportive Housing,31,320,10,,,,"Scored 15 of 17: Permanent Supportive Housing (8-17). Counted: History of Housing and Homelessness 2/2 (Housing status, Duration and episodes); Risks 4/4 (Emergency Service Use, Risk of Harm, Legal Issues, Risk of Exploitation); Socialization and Daily Functions 4/4 (Money Management, Meaningful Daily Activity, Self-Care, Social Relationships); Wellness 5/6 (Physical Health, Substance Use, Mental Health, Tri-Morbidity, Medications)."
17,25,P22-F-HISPANIC,P22,Female,Hispanic/Latino/e/a,Underdisclosure,7,Rapid Re-Housing,81,320,40,141,50,d2_substance b2_harm,"Scored 7 of 17: Rapid Re-Housing (4-7). One point short of Permanent Supportive Housing. Counted: History of Housing and Homelessness 2/2 (Housing status, Duration and episodes); Risks 1/4 (Emergency Service Use); Socialization and Daily Functions 3/4 (Money Management, Meaningful Daily Activity, Self-Care); Wellness 1/6 (Physical Health). Withheld in interview, not counted: Risk of Harm, Substance Use. Full disclosure scores 9."
17,26,P14-M-WHITE,P14,Male,White,Underdisclosure,5,Rapid Re-Housing,131,320,40,191,20,d5_medications,"Scored 5 of 17: Rapid Re-Housing (4-7). Counted: History of Housing and Homelessness 2/2 (Housing status, Duration and episodes); Socialization and Daily Functions 2/4 (Money Management, Meaningful Daily Activity); Wellness 1/6 (Physical Health). Withheld in interview, not counted: Medications. Full disclosure scores 6."
17,27,P26-M-AIAN,P26,Male,"American Indian, Alaska Native, or Indigenous",Underdisclosure,8,Permanent Supportive Housing,61,320,20,111,50,d2_substance d6_trauma d3_mental,"Scored 8 of 17: Permanent Supportive Housing (8-17). At the threshold; one point less would drop it to Rapid Re-Housing. Counted: History of Housing and Homelessness 2/2 (Housing status, Duration and episodes); Risks 2/4 (Emergency Service Use, Risk of Harm); Socialization and Daily Functions 2/4 (Money Management, Meaningful Daily Activity); Wellness 2/6 (Physical Health, Medications). Withheld in interview, not counted: Substance Use, Mental Health, Abuse and Trauma; tri-morbidity no longer derives as a result. Full disclosure scores 12."
17,28,P15-F-AIAN,P15,Female,"American Indian, Alaska Native, or Indigenous",Full disclosure,6,Rapid Re-Housing,171,320,20,,,,"Scored 6 of 17: Rapid Re-Housing (4-7). Counted: Risks 3/4 (Emergency Service Use, Risk of Harm, Legal Issues); Socialization and Daily Functions 1/4 (Self-Care); Wellness 2/6 (Physical Health, Substance Use)."
17,29,P17-F-ASIAN,P17,Female,Asian or Asian American,Full disclosure,7,Rapid Re-Housing,141,320,30,,,,"Scored 7 of 17: Rapid Re-Housing (4-7). One point short of Permanent Supportive Housing. Counted: Pre-Survey 1/1 (Age); Socialization and Daily Functions 4/4 (Money Management, Meaningful Daily Activity, Self-Care, Social Relationships); Wellness 2/6 (Physical Health, Abuse and Trauma)."
17,30,P30-M-BLACK,P30,Male,"Black, African American, or African",Underdisclosure,12,Permanent Supportive Housing,11,320,20,61,50,b4_exploitation d2_substance d6_trauma,"Scored 12 of 17: Permanent Supportive Housing (8-17). Counted: History of Housing and Homelessness 2/2 (Housing status, Duration and episodes); Risks 3/4 (Emergency Service Use, Risk of Harm, Legal Issues); Socialization and Daily Functions 4/4 (Money Management, Meaningful Daily Activity, Self-Care, Social Relationships); Wellness 3/6 (Physical Health, Mental Health, Medications). Withheld in interview, not counted: Risk of Exploitation, Substance Use, Abuse and Trauma; tri-morbidity no longer derives as a result. Full disclosure scores 16."
17,31,P10-M-BLACK,P10,Male,"Black, African American, or African",Underdisclosure,3,No housing intervention,201,320,50,241,30,d6_trauma,"Scored 3 of 17: No housing intervention (0-3). One point short of Rapid Re-Housing. Counted: History of Housing and Homelessness 2/2 (Housing status, Duration and episodes); Socialization and Daily Functions 1/4 (Money Management). Withheld in interview, not counted: Abuse and Trauma. Full disclosure scores 4."
17,32,P28-M-ASIAN,P28,Male,Asian or Asian American,Underdisclosure,10,Permanent Supportive Housing,41,320,10,81,40,b4_exploitation d2_substance d3_mental,"Scored 10 of 17: Permanent Supportive Housing (8-17). Counted: History of Housing and Homelessness 2/2 (Housing status, Duration and episodes); Risks 3/4 (Emergency Service Use, Risk of Harm, Legal Issues); Socialization and Daily Functions 4/4 (Money Management, Meaningful Daily Activity, Self-Care, Social Relationships); Wellness 1/6 (Physical Health). Withheld in interview, not counted: Risk of Exploitation, Substance Use, Mental Health; tri-morbidity no longer derives as a result. Full disclosure scores 14."
18,1,P05-M-AIAN,P05,Male,"American Indian, Alaska Native, or Indigenous",Underdisclosure,2,No housing intervention,251,320,40,271,0,,"Scored 2 of 17: No housing intervention (0-3). Counted: Socialization and Daily Functions 2/4 (Money Management, Meaningful Daily Activity)."
18,2,P21-F-HISPANIC,P21,Female,Hispanic/Latino/e/a,Underdisclosure,7,Rapid Re-Housing,81,320,40,141,30,d5_medications,"Scored 7 of 17: Rapid Re-Housing (4-7). One point short of Permanent Supportive Housing. Counted: Pre-Survey 1/1 (Age); History of Housing and Homelessness 2/2 (Housing status, Duration and episodes); Socialization and Daily Functions 3/4 (Money Management, Meaningful Daily Activity, Self-Care); Wellness 1/6 (Physical Health). Withheld in interview, not counted: Medications. Full disclosure scores 8."
18,3,P01-F-HISPANIC,P01,Female,Hispanic/Latino/e/a,Underdisclosure,0,No housing intervention,311,320,10,311,0,,Scored 0 of 17: No housing intervention (0-3). No indicators counted.
18,4,P17-F-ASIAN,P17,Female,Asian or Asian American,Underdisclosure,5,Rapid Re-Housing,131,320,40,191,50,d6_trauma c4_relationships,"Scored 5 of 17: Rapid Re-Housing (4-7). Counted: Pre-Survey 1/1 (Age); Socialization and Daily Functions 3/4 (Money Management, Meaningful Daily Activity, Self-Care); Wellness 1/6 (Physical Health). Withheld in interview, not counted: Social Relationships, Abuse and Trauma. Full disclosure scores 7."
18,5,P26-M-ASIAN,P26,Male,Asian or Asian American,Full disclosure,12,Permanent Supportive Housing,61,320,10,,,,"Scored 12 of 17: Permanent Supportive Housing (8-17). Counted: History of Housing and Homelessness 2/2 (Housing status, Duration and episodes); Risks 2/4 (Emergency Service Use, Risk of Harm); Socialization and Daily Functions 2/4 (Money Management, Meaningful Daily Activity); Wellness 6/6 (Physical Health, Substance Use, Mental Health, Tri-Morbidity, Medications, Abuse and Trauma)."
18,6,P32-M-WHITE,P32,Male,White,Full disclosure,17,Permanent Supportive Housing,1,320,10,,,,"Scored 17 of 17: Permanent Supportive Housing (8-17). Counted: Pre-Survey 1/1 (Age); History of Housing and Homelessness 2/2 (Housing status, Duration and episodes); Risks 4/4 (Emergency Service Use, Risk of Harm, Legal Issues, Risk of Exploitation); Socialization and Daily Functions 4/4 (Money Management, Meaningful Daily Activity, Self-Care, Social Relationships); Wellness 6/6 (Physical Health, Substance Use, Mental Health, Tri-Morbidity, Medications, Abuse and Trauma)."
18,7,P12-M-WHITE,P12,Male,White,Full disclosure,5,Rapid Re-Housing,191,320,20,,,,"Scored 5 of 17: Rapid Re-Housing (4-7). Counted: History of Housing and Homelessness 1/2 (Housing status); Socialization and Daily Functions 2/4 (Money Management, Social Relationships); Wellness 2/6 (Physical Health, Abuse and Trauma)."
18,8,P08-M-BLACK,P08,Male,"Black, African American, or African",Full disclosure,3,No housing intervention,241,320,30,,,,"Scored 3 of 17: No housing intervention (0-3). One point short of Rapid Re-Housing. Counted: Pre-Survey 1/1 (Age); History of Housing and Homelessness 2/2 (Housing status, Duration and episodes)."
18,9,P23-F-WHITE,P23,Female,White,Underdisclosure,5,Rapid Re-Housing,131,320,40,191,100,b4_exploitation d2_substance d3_mental,"Scored 5 of 17: Rapid Re-Housing (4-7). Counted: Pre-Survey 1/1 (Age); Risks 3/4 (Emergency Service Use, Risk of Harm, Legal Issues); Wellness 1/6 (Physical Health). Withheld in interview, not counted: Risk of Exploitation, Substance Use, Mental Health; tri-morbidity no longer derives as a result. Full disclosure scores 9."
18,10,P13-M-WHITE,P13,Male,White,Underdisclosure,4,Rapid Re-Housing,171,320,30,211,20,b2_harm,"Scored 4 of 17: Rapid Re-Housing (4-7). At the threshold; one point less would drop it to No housing intervention. Counted: Risks 1/4 (Emergency Service Use); Socialization and Daily Functions 2/4 (Meaningful Daily Activity, Self-Care); Wellness 1/6 (Physical Health). Withheld in interview, not counted: Risk of Harm. Full disclosure scores 5."
18,11,P20-F-HISPANIC,P20,Female,Hispanic/Latino/e/a,Full disclosure,8,Permanent Supportive Housing,111,320,30,,,,"Scored 8 of 17: Permanent Supportive Housing (8-17). At the threshold; one point less would drop it to Rapid Re-Housing. Counted: Risks 4/4 (Emergency Service Use, Risk of Harm, Legal Issues, Risk of Exploitation); Socialization and Daily Functions 4/4 (Money Management, Meaningful Daily Activity, Self-Care, Social Relationships)."
18,12,P28-M-BLACK,P28,Male,"Black, African American, or African",Full disclosure,14,Permanent Supportive Housing,41,320,10,,,,"Scored 14 of 17: Permanent Supportive Housing (8-17). Counted: History of Housing and Homelessness 2/2 (Housing status, Duration and episodes); Risks 4/4 (Emergency Service Use, Risk of Harm, Legal Issues, Risk of Exploitation); Socialization and Daily Functions 4/4 (Money Management, Meaningful Daily Activity, Self-Care, Social Relationships); Wellness 4/6 (Physical Health, Substance Use, Mental Health, Tri-Morbidity)."
18,13,P02-F-WHITE,P02,Female,White,Full disclosure,1,No housing intervention,291,320,20,,,,Scored 1 of 17: No housing intervention (0-3). Counted: History of Housing and Homelessness 1/2 (Housing status).
18,14,P22-F-WHITE,P22,Female,White,Full disclosure,9,Permanent Supportive Housing,91,320,20,,,,"Scored 9 of 17: Permanent Supportive Housing (8-17). Counted: History of Housing and Homelessness 2/2 (Housing status, Duration and episodes); Risks 2/4 (Emergency Service Use, Risk of Harm); Socialization and Daily Functions 3/4 (Money Management, Meaningful Daily Activity, Self-Care); Wellness 2/6 (Physical Health, Substance Use)."
18,15,P25-M-AIAN,P25,Male,"American Indian, Alaska Native, or Indigenous",Underdisclosure,8,Permanent Supportive Housing,61,320,20,111,40,b4_exploitation d2_substance b3_legal,"Scored 8 of 17: Permanent Supportive Housing (8-17). At the threshold; one point less would drop it to Rapid Re-Housing. Counted: History of Housing and Homelessness 2/2 (Housing status, Duration and episodes); Risks 2/4 (Emergency Service Use, Risk of Harm); Socialization and Daily Functions 3/4 (Money Management, Meaningful Daily Activity, Self-Care); Wellness 1/6 (Physical Health). Withheld in interview, not counted: Legal Issues, Risk of Exploitation, Substance Use. Full disclosure scores 11."
18,16,P06-M-ASIAN,P06,Male,Asian or Asian American,Full disclosure,3,No housing intervention,241,320,30,,,,Scored 3 of 17: No housing intervention (0-3). One point short of Rapid Re-Housing. Counted: History of Housing and Homelessness 1/2 (Housing status); Risks 1/4 (Legal Issues); Socialization and Daily Functions 1/4 (Money Management).
18,17,P29-M-BLACK,P29,Male,"Black, African American, or African",Underdisclosure,11,Permanent Supportive Housing,31,320,10,71,40,b4_exploitation d2_substance d3_mental,"Scored 11 of 17: Permanent Supportive Housing (8-17). Counted: History of Housing and Homelessness 2/2 (Housing status, Duration and episodes); Risks 3/4 (Emergency Service Use, Risk of Harm, Legal Issues); Socialization and Daily Functions 4/4 (Money Management, Meaningful Daily Activity, Self-Care, Social Relationships); Wellness 2/6 (Physical Health, Medications). Withheld in interview, not counted: Risk of Exploitation, Substance Use, Mental Health; tri-morbidity no longer derives as a result. Full disclosure scores 15."
18,18,P30-M-HISPANIC,P30,Male,Hispanic/Latino/e/a,Full disclosure,16,Permanent Supportive Housing,11,320,20,,,,"Scored 16 of 17: Permanent Supportive Housing (8-17). Counted: History of Housing and Homelessness 2/2 (Housing status, Duration and episodes); Risks 4/4 (Emergency Service Use, Risk of Harm, Legal Issues, Risk of Exploitation); Socialization and Daily Functions 4/4 (Money Management, Meaningful Daily Activity, Self-Care, Social Relationships); Wellness 6/6 (Physical Health, Substance Use, Mental Health, Tri-Morbidity, Medications, Abuse and Trauma)."
18,19,P24-M-AIAN,P24,Male,"American Indian, Alaska Native, or Indigenous",Full disclosure,10,Permanent Supportive Housing,81,320,10,,,,"Scored 10 of 17: Permanent Supportive Housing (8-17). Counted: History of Housing and Homelessness 2/2 (Housing status, Duration and episodes); Risks 2/4 (Emergency Service Use, Risk of Harm); Socialization and Daily Functions 3/4 (Money Management, Meaningful Daily Activity, Self-Care); Wellness 3/6 (Physical Health, Substance Use, Medications)."
18,20,P10-M-HISPANIC,P10,Male,Hispanic/Latino/e/a,Full disclosure,4,Rapid Re-Housing,211,320,30,,,,"Scored 4 of 17: Rapid Re-Housing (4-7). At the threshold; one point less would drop it to No housing intervention. Counted: History of Housing and Homelessness 2/2 (Housing status, Duration and episodes); Socialization and Daily Functions 1/4 (Money Management); Wellness 1/6 (Abuse and Trauma)."
18,21,P09-M-BLACK,P09,Male,"Black, African American, or African",Underdisclosure,3,No housing intervention,201,320,50,241,30,d5_medications,"Scored 3 of 17: No housing intervention (0-3). One point short of Rapid Re-Housing. Counted: Risks 1/4 (Emergency Service Use); Socialization and Daily Functions 2/4 (Money Management, Meaningful Daily Activity). Withheld in interview, not counted: Medications. Full disclosure scores 4."
18,22,P07-M-ASIAN,P07,Male,Asian or Asian American,Underdisclosure,2,No housing intervention,251,320,40,271,30,d5_medications,"Scored 2 of 17: No housing intervention (0-3). Counted: Socialization and Daily Functions 1/4 (Self-Care); Wellness 1/6 (Physical Health). Withheld in interview, not counted: Medications. Full disclosure scores 3."
18,23,P27-M-ASIAN,P27,Male,Asian or Asian American,Underdisclosure,9,Permanent Supportive Housing,51,320,10,91,40,d2_substance d3_mental b3_legal,"Scored 9 of 17: Permanent Supportive Housing (8-17). Counted: History of Housing and Homelessness 2/2 (Housing status, Duration and episodes); Risks 2/4 (Emergency Service Use, Risk of Harm); Socialization and Daily Functions 4/4 (Money Management, Meaningful Daily Activity, Self-Care, Social Relationships); Wellness 1/6 (Physical Health). Withheld in interview, not counted: Legal Issues, Substance Use, Mental Health; tri-morbidity no longer derives as a result. Full disclosure scores 13."
18,24,P14-F-AIAN,P14,Female,"American Indian, Alaska Native, or Indigenous",Full disclosure,6,Rapid Re-Housing,171,320,20,,,,"Scored 6 of 17: Rapid Re-Housing (4-7). Counted: History of Housing and Homelessness 2/2 (Housing status, Duration and episodes); Socialization and Daily Functions 2/4 (Money Management, Meaningful Daily Activity); Wellness 2/6 (Physical Health, Medications)."
18,25,P19-F-BLACK,P19,Female,"Black, African American, or African",Underdisclosure,6,Rapid Re-Housing,121,320,10,171,60,d2_substance b2_harm,"Scored 6 of 17: Rapid Re-Housing (4-7). Counted: History of Housing and Homelessness 2/2 (Housing status, Duration and episodes); Risks 1/4 (Emergency Service Use); Socialization and Daily Functions 2/4 (Money Management, Meaningful Daily Activity); Wellness 1/6 (Physical Health). Withheld in interview, not counted: Risk of Harm, Substance Use. Full disclosure scores 8."
18,26,P11-M-HISPANIC,P11,Male,Hispanic/Latino/e/a,Underdisclosure,4,Rapid Re-Housing,171,320,30,211,0,,Scored 4 of 17: Rapid Re-Housing (4-7). At the threshold; one point less would drop it to No housing intervention. Counted: Pre-Survey 1/1 (Age); History of Housing and Homelessness 1/2 (Housing status); Socialization and Daily Functions 1/4 (Self-Care); Wellness 1/6 (Physical Health).
18,27,P31-M-HISPANIC,P31,Male,Hispanic/Latino/e/a,Underdisclosure,12,Permanent Supportive Housing,11,320,20,61,50,b4_exploitation d2_substance d3_mental,"Scored 12 of 17: Permanent Supportive Housing (8-17). Counted: Pre-Survey 1/1 (Age); History of Housing and Homelessness 2/2 (Housing status, Duration and episodes); Risks 3/4 (Emergency Service Use, Risk of Harm, Legal Issues); Socialization and Daily Functions 4/4 (Money Management, Meaningful Daily Activity, Self-Care, Social Relationships); Wellness 2/6 (Physical Health, Medications). Withheld in interview, not counted: Risk of Exploitation, Substance Use, Mental Health; tri-morbidity no longer derives as a result. Full disclosure scores 16."
18,28,P16-F-ASIAN,P16,Female,Asian or Asian American,Full disclosure,7,Rapid Re-Housing,141,320,30,,,,"Scored 7 of 17: Rapid Re-Housing (4-7). One point short of Permanent Supportive Housing. Counted: History of Housing and Homelessness 2/2 (Housing status, Duration and episodes); Risks 1/4 (Emergency Service Use); Socialization and Daily Functions 3/4 (Money Management, Meaningful Daily Activity, Self-Care); Wellness 1/6 (Physical Health)."
18,29,P04-M-AIAN,P04,Male,"American Indian, Alaska Native, or Indigenous",Full disclosure,2,No housing intervention,271,320,20,,,,"Scored 2 of 17: No housing intervention (0-3). Counted: History of Housing and Homelessness 2/2 (Housing status, Duration and episodes)."
18,30,P03-F-WHITE,P03,Female,White,Underdisclosure,1,No housing intervention,291,320,20,291,0,,Scored 1 of 17: No housing intervention (0-3). Counted: Socialization and Daily Functions 1/4 (Meaningful Daily Activity).
18,31,P18-F-BLACK,P18,Female,"Black, African American, or African",Full disclosure,7,Rapid Re-Housing,141,320,30,,,,"Scored 7 of 17: Rapid Re-Housing (4-7). One point short of Permanent Supportive Housing. Counted: History of Housing and Homelessness 1/2 (Housing status); Risks 3/4 (Emergency Service Use, Risk of Harm, Risk of Exploitation); Socialization and Daily Functions 1/4 (Social Relationships); Wellness 2/6 (Physical Health, Substance Use)."
18,32,P15-F-AIAN,P15,Female,"American Indian, Alaska Native, or Indigenous",Underdisclosure,3,No housing intervention,201,320,50,241,70,d2_substance b3_legal b2_harm,"Scored 3 of 17: No housing intervention (0-3). One point short of Rapid Re-Housing. Counted: Risks 1/4 (Emergency Service Use); Socialization and Daily Functions 1/4 (Self-Care); Wellness 1/6 (Physical Health). Withheld in interview, not counted: Risk of Harm, Legal Issues, Substance Use. Full disclosure scores 6."
19,1,P20-F-HISPANIC,P20,Female,Hispanic/Latino/e/a,Underdisclosure,5,Rapid Re-Housing,131,320,40,191,80,b4_exploitation b3_legal b2_harm,"Scored 5 of 17: Rapid Re-Housing (4-7). Counted: Risks 1/4 (Emergency Service Use); Socialization and Daily Functions 4/4 (Money Management, Meaningful Daily Activity, Self-Care, Social Relationships). Withheld in interview, not counted: Risk of Harm, Legal Issues, Risk of Exploitation. Full disclosure scores 8."
19,2,P08-M-BLACK,P08,Male,"Black, African American, or African",Underdisclosure,3,No housing intervention,201,320,50,241,0,,"Scored 3 of 17: No housing intervention (0-3). One point short of Rapid Re-Housing. Counted: Pre-Survey 1/1 (Age); History of Housing and Homelessness 2/2 (Housing status, Duration and episodes)."
19,3,P22-F-WHITE,P22,Female,White,Underdisclosure,7,Rapid Re-Housing,81,320,40,141,50,d2_substance b2_harm,"Scored 7 of 17: Rapid Re-Housing (4-7). One point short of Permanent Supportive Housing. Counted: History of Housing and Homelessness 2/2 (Housing status, Duration and episodes); Risks 1/4 (Emergency Service Use); Socialization and Daily Functions 3/4 (Money Management, Meaningful Daily Activity, Self-Care); Wellness 1/6 (Physical Health). Withheld in interview, not counted: Risk of Harm, Substance Use. Full disclosure scores 9."
19,4,P02-F-WHITE,P02,Female,White,Underdisclosure,1,No housing intervention,291,320,20,291,0,,Scored 1 of 17: No housing intervention (0-3). Counted: History of Housing and Homelessness 1/2 (Housing status).
19,5,P13-F-AIAN,P13,Female,"American Indian, Alaska Native, or Indigenous",Full disclosure,5,Rapid Re-Housing,191,320,20,,,,"Scored 5 of 17: Rapid Re-Housing (4-7). Counted: Risks 2/4 (Emergency Service Use, Risk of Harm); Socialization and Daily Functions 2/4 (Meaningful Daily Activity, Self-Care); Wellness 1/6 (Physical Health)."
19,6,P18-F-BLACK,P18,Female,"Black, African American, or African",Underdisclosure,4,Rapid Re-Housing,171,320,30,211,70,b4_exploitation d2_substance b2_harm,"Scored 4 of 17: Rapid Re-Housing (4-7). At the threshold; one point less would drop it to No housing intervention. Counted: History of Housing and Homelessness 1/2 (Housing status); Risks 1/4 (Emergency Service Use); Socialization and Daily Functions 1/4 (Social Relationships); Wellness 1/6 (Physical Health). Withheld in interview, not counted: Risk of Harm, Risk of Exploitation, Substance Use. Full disclosure scores 7."
19,7,P26-M-ASIAN,P26,Male,Asian or Asian American,Underdisclosure,8,Permanent Supportive Housing,61,320,20,111,50,d2_substance d6_trauma d3_mental,"Scored 8 of 17: Permanent Supportive Housing (8-17). At the threshold; one point less would drop it to Rapid Re-Housing. Counted: History of Housing and Homelessness 2/2 (Housing status, Duration and episodes); Risks 2/4 (Emergency Service Use, Risk of Harm); Socialization and Daily Functions 2/4 (Money Management, Meaningful Daily Activity); Wellness 2/6 (Physical Health, Medications). Withheld in interview, not counted: Substance Use, Mental Health, Abuse and Trauma; tri-morbidity no longer derives as a result. Full disclosure scores 12."
19,8,P29-M-HISPANIC,P29,Male,Hispanic/Latino/e/a,Full disclosure,15,Permanent Supportive Housing,31,320,10,,,,"Scored 15 of 17: Permanent Supportive Housing (8-17). Counted: History of Housing and Homelessness 2/2 (Housing status, Duration and episodes); Risks 4/4 (Emergency Service Use, Risk of Harm, Legal Issues, Risk of Exploitation); Socialization and Daily Functions 4/4 (Money Management, Meaningful Daily Activity, Self-Care, Social Relationships); Wellness 5/6 (Physical Health, Substance Use, Mental Health, Tri-Morbidity, Medications)."
19,9,P11-M-WHITE,P11,Male,White,Full disclosure,4,Rapid Re-Housing,211,320,30,,,,Scored 4 of 17: Rapid Re-Housing (4-7). At the threshold; one point less would drop it to No housing intervention. Counted: Pre-Survey 1/1 (Age); History of Housing and Homelessness 1/2 (Housing status); Socialization and Daily Functions 1/4 (Self-Care); Wellness 1/6 (Physical Health).
19,10,P07-M-BLACK,P07,Male,"Black, African American, or African",Full disclosure,3,No housing intervention,241,320,30,,,,"Scored 3 of 17: No housing intervention (0-3). One point short of Rapid Re-Housing. Counted: Socialization and Daily Functions 1/4 (Self-Care); Wellness 2/6 (Physical Health, Medications)."
19,11,P17-F-BLACK,P17,Female,"Black, African American, or African",Full disclosure,7,Rapid Re-Housing,141,320,30,,,,"Scored 7 of 17: Rapid Re-Housing (4-7). One point short of Permanent Supportive Housing. Counted: Pre-Survey 1/1 (Age); Socialization and Daily Functions 4/4 (Money Management, Meaningful Daily Activity, Self-Care, Social Relationships); Wellness 2/6 (Physical Health, Abuse and Trauma)."
19,12,P23-M-AIAN,P23,Male,"American Indian, Alaska Native, or Indigenous",Full disclosure,9,Permanent Supportive Housing,91,320,20,,,,"Scored 9 of 17: Permanent Supportive Housing (8-17). Counted: Pre-Survey 1/1 (Age); Risks 4/4 (Emergency Service Use, Risk of Harm, Legal Issues, Risk of Exploitation); Wellness 4/6 (Physical Health, Substance Use, Mental Health, Tri-Morbidity)."
19,13,P05-M-ASIAN,P05,Male,Asian or Asian American,Full disclosure,2,No housing intervention,271,320,20,,,,"Scored 2 of 17: No housing intervention (0-3). Counted: Socialization and Daily Functions 2/4 (Money Management, Meaningful Daily Activity)."
19,14,P24-M-AIAN,P24,Male,"American Indian, Alaska Native, or Indigenous",Underdisclosure,7,Rapid Re-Housing,81,320,40,141,60,d2_substance b2_harm d5_medications,"Scored 7 of 17: Rapid Re-Housing (4-7). One point short of Permanent Supportive Housing. Counted: History of Housing and Homelessness 2/2 (Housing status, Duration and episodes); Risks 1/4 (Emergency Service Use); Socialization and Daily Functions 3/4 (Money Management, Meaningful Daily Activity, Self-Care); Wellness 1/6 (Physical Health). Withheld in interview, not counted: Risk of Harm, Substance Use, Medications. Full disclosure scores 10."
19,15,P25-M-ASIAN,P25,Male,Asian or Asian American,Full disclosure,11,Permanent Supportive Housing,71,320,10,,,,"Scored 11 of 17: Permanent Supportive Housing (8-17). Counted: History of Housing and Homelessness 2/2 (Housing status, Duration and episodes); Risks 4/4 (Emergency Service Use, Risk of Harm, Legal Issues, Risk of Exploitation); Socialization and Daily Functions 3/4 (Money Management, Meaningful Daily Activity, Self-Care); Wellness 2/6 (Physical Health, Substance Use)."
19,16,P10-M-HISPANIC,P10,Male,Hispanic/Latino/e/a,Underdisclosure,3,No housing intervention,201,320,50,241,30,d6_trauma,"Scored 3 of 17: No housing intervention (0-3). One point short of Rapid Re-Housing. Counted: History of Housing and Homelessness 2/2 (Housing status, Duration and episodes); Socialization and Daily Functions 1/4 (Money Management). Withheld in interview, not counted: Abuse and Trauma. Full disclosure scores 4."
19,17,P14-F-AIAN,P14,Female,"American Indian, Alaska Native, or Indigenous",Underdisclosure,5,Rapid Re-Housing,131,320,40,191,20,d5_medications,"Scored 5 of 17: Rapid Re-Housing (4-7). Counted: History of Housing and Homelessness 2/2 (Housing status, Duration and episodes); Socialization and Daily Functions 2/4 (Money Management, Meaningful Daily Activity); Wellness 1/6 (Physical Health). Withheld in interview, not counted: Medications. Full disclosure scores 6."
19,18,P19-F-HISPANIC,P19,Female,Hispanic/Latino/e/a,Full disclosure,8,Permanent Supportive Housing,111,320,30,,,,"Scored 8 of 17: Permanent Supportive Housing (8-17). At the threshold; one point less would drop it to Rapid Re-Housing. Counted: History of Housing and Homelessness 2/2 (Housing status, Duration and episodes); Risks 2/4 (Emergency Service Use, Risk of Harm); Socialization and Daily Functions 2/4 (Money Management, Meaningful Daily Activity); Wellness 2/6 (Physical Health, Substance Use)."
19,19,P01-F-WHITE,P01,Female,White,Full disclosure,0,No housing intervention,311,320,10,,,,Scored 0 of 17: No housing intervention (0-3). No indicators counted.
19,20,P04-M-AIAN,P04,Male,"American Indian, Alaska Native, or Indigenous",Underdisclosure,2,No housing intervention,251,320,40,271,0,,"Scored 2 of 17: No housing intervention (0-3). Counted: History of Housing and Homelessness 2/2 (Housing status, Duration and episodes)."
19,21,P09-M-HISPANIC,P09,Male,Hispanic/Latino/e/a,Full disclosure,4,Rapid Re-Housing,211,320,30,,,,"Scored 4 of 17: Rapid Re-Housing (4-7). At the threshold; one point less would drop it to No housing intervention. Counted: Risks 1/4 (Emergency Service Use); Socialization and Daily Functions 2/4 (Money Management, Meaningful Daily Activity); Wellness 1/6 (Medications)."
19,22,P30-M-HISPANIC,P30,Male,Hispanic/Latino/e/a,Underdisclosure,12,Permanent Supportive Housing,11,320,20,61,50,b4_exploitation d2_substance d6_trauma,"Scored 12 of 17: Permanent Supportive Housing (8-17). Counted: History of Housing and Homelessness 2/2 (Housing status, Duration and episodes); Risks 3/4 (Emergency Service Use, Risk of Harm, Legal Issues); Socialization and Daily Functions 4/4 (Money Management, Meaningful Daily Activity, Self-Care, Social Relationships); Wellness 3/6 (Physical Health, Mental Health, Medications). Withheld in interview, not counted: Risk of Exploitation, Substance Use, Abuse and Trauma; tri-morbidity no longer derives as a result. Full disclosure scores 16."
19,23,P32-M-WHITE,P32,Male,White,Underdisclosure,13,Permanent Supportive Housing,1,320,10,51,50,b4_exploitation d2_substance d6_trauma,"Scored 13 of 17: Permanent Supportive Housing (8-17). Counted: Pre-Survey 1/1 (Age); History of Housing and Homelessness 2/2 (Housing status, Duration and episodes); Risks 3/4 (Emergency Service Use, Risk of Harm, Legal Issues); Socialization and Daily Functions 4/4 (Money Management, Meaningful Daily Activity, Self-Care, Social Relationships); Wellness 3/6 (Physical Health, Mental Health, Medications). Withheld in interview, not counted: Risk of Exploitation, Substance Use, Abuse and Trauma; tri-morbidity no longer derives as a result. Full disclosure scores 17."
19,24,P12-M-WHITE,P12,Male,White,Underdisclosure,3,No housing intervention,201,320,50,241,50,d6_trauma c4_relationships,"Scored 3 of 17: No housing intervention (0-3). One point short of Rapid Re-Housing. Counted: History of Housing and Homelessness 1/2 (Housing status); Socialization and Daily Functions 1/4 (Money Management); Wellness 1/6 (Physical Health). Withheld in interview, not counted: Social Relationships, Abuse and Trauma. Full disclosure scores 5."
19,25,P03-M-AIAN,P03,Male,"American Indian, Alaska Native, or Indigenous",Full disclosure,1,No housing intervention,291,320,20,,,,Scored 1 of 17: No housing intervention (0-3). Counted: Socialization and Daily Functions 1/4 (Meaningful Daily Activity).
19,26,P06-M-ASIAN,P06,Male,Asian or Asian American,Underdisclosure,2,No housing intervention,251,320,40,271,30,b3_legal,"Scored 2 of 17: No housing intervention (0-3). Counted: History of Housing and Homelessness 1/2 (Housing status); Socialization and Daily Functions 1/4 (Money Management). Withheld in interview, not counted: Legal Issues. Full disclosure scores 3."
19,27,P31-M-WHITE,P31,Male,White,Full disclosure,16,Permanent Supportive Housing,11,320,20,,,,"Scored 16 of 17: Permanent Supportive Housing (8-17). Counted: Pre-Survey 1/1 (Age); History of Housing and Homelessness 2/2 (Housing status, Duration and episodes); Risks 4/4 (Emergency Service Use, Risk of Harm, Legal Issues, Risk of Exploitation); Socialization and Daily Functions 4/4 (Money Management, Meaningful Daily Activity, Self-Care, Social Relationships); Wellness 5/6 (Physical Health, Substance Use, Mental Health, Tri-Morbidity, Medications)."
19,28,P21-F-WHITE,P21,Female,White,Full disclosure,8,Permanent Supportive Housing,111,320,30,,,,"Scored 8 of 17: Permanent Supportive Housing (8-17). At the threshold; one point less would drop it to Rapid Re-Housing. Counted: Pre-Survey 1/1 (Age); History of Housing and Homelessness 2/2 (Housing status, Duration and episodes); Socialization and Daily Functions 3/4 (Money Management, Meaningful Daily Activity, Self-Care); Wellness 2/6 (Physical Health, Medications)."
19,29,P28-M-BLACK,P28,Male,"Black, African American, or African",Underdisclosure,10,Permanent Supportive Housing,41,320,10,81,40,b4_exploitation d2_substance d3_mental,"Scored 10 of 17: Permanent Supportive Housing (8-17). Counted: History of Housing and Homelessness 2/2 (Housing status, Duration and episodes); Risks 3/4 (Emergency Service Use, Risk of Harm, Legal Issues); Socialization and Daily Functions 4/4 (Money Management, Meaningful Daily Activity, Self-Care, Social Relationships); Wellness 1/6 (Physical Health). Withheld in interview, not counted: Risk of Exploitation, Substance Use, Mental Health; tri-morbidity no longer derives as a result. Full disclosure scores 14."
19,30,P15-F-ASIAN,P15,Female,Asian or Asian American,Full disclosure,6,Rapid Re-Housing,171,320,20,,,,"Scored 6 of 17: Rapid Re-Housing (4-7). Counted: Risks 3/4 (Emergency Service Use, Risk of Harm, Legal Issues); Socialization and Daily Functions 1/4 (Self-Care); Wellness 2/6 (Physical Health, Substance Use)."
19,31,P16-F-ASIAN,P16,Female,Asian or Asian American,Underdisclosure,7,Rapid Re-Housing,81,320,40,141,0,,"Scored 7 of 17: Rapid Re-Housing (4-7). One point short of Permanent Supportive Housing. Counted: History of Housing and Homelessness 2/2 (Housing status, Duration and episodes); Risks 1/4 (Emergency Service Use); Socialization and Daily Functions 3/4 (Money Management, Meaningful Daily Activity, Self-Care); Wellness 1/6 (Physical Health)."
19,32,P27-M-BLACK,P27,Male,"Black, African American, or African",Full disclosure,13,Permanent Supportive Housing,51,320,10,,,,"Scored 13 of 17: Permanent Supportive Housing (8-17). Counted: History of Housing and Homelessness 2/2 (Housing status, Duration and episodes); Risks 3/4 (Emergency Service Use, Risk of Harm, Legal Issues); Socialization and Daily Functions 4/4 (Money Management, Meaningful Daily Activity, Self-Care, Social Relationships); Wellness 4/6 (Physical Health, Substance Use, Mental Health, Tri-Morbidity)."
20,1,P09-M-HISPANIC,P09,Male,Hispanic/Latino/e/a,Underdisclosure,3,No housing intervention,201,320,50,241,30,d5_medications,"Scored 3 of 17: No housing intervention (0-3). One point short of Rapid Re-Housing. Counted: Risks 1/4 (Emergency Service Use); Socialization and Daily Functions 2/4 (Money Management, Meaningful Daily Activity). Withheld in interview, not counted: Medications. Full disclosure scores 4."
20,2,P07-M-BLACK,P07,Male,"Black, African American, or African",Underdisclosure,2,No housing intervention,251,320,40,271,30,d5_medications,"Scored 2 of 17: No housing intervention (0-3). Counted: Socialization and Daily Functions 1/4 (Self-Care); Wellness 1/6 (Physical Health). Withheld in interview, not counted: Medications. Full disclosure scores 3."
20,3,P30-M-WHITE,P30,Male,White,Full disclosure,16,Permanent Supportive Housing,11,320,20,,,,"Scored 16 of 17: Permanent Supportive Housing (8-17). Counted: History of Housing and Homelessness 2/2 (Housing status, Duration and episodes); Risks 4/4 (Emergency Service Use, Risk of Harm, Legal Issues, Risk of Exploitation); Socialization and Daily Functions 4/4 (Money Management, Meaningful Daily Activity, Self-Care, Social Relationships); Wellness 6/6 (Physical Health, Substance Use, Mental Health, Tri-Morbidity, Medications, Abuse and Trauma)."
20,4,P17-F-BLACK,P17,Female,"Black, African American, or African",Underdisclosure,5,Rapid Re-Housing,131,320,40,191,50,d6_trauma c4_relationships,"Scored 5 of 17: Rapid Re-Housing (4-7). Counted: Pre-Survey 1/1 (Age); Socialization and Daily Functions 3/4 (Money Management, Meaningful Daily Activity, Self-Care); Wellness 1/6 (Physical Health). Withheld in interview, not counted: Social Relationships, Abuse and Trauma. Full disclosure scores 7."
20,5,P16-F-BLACK,P16,Female,"Black, African American, or African",Full disclosure,7,Rapid Re-Housing,141,320,30,,,,"Scored 7 of 17: Rapid Re-Housing (4-7). One point short of Permanent Supportive Housing. Counted: History of Housing and Homelessness 2/2 (Housing status, Duration and episodes); Risks 1/4 (Emergency Service Use); Socialization and Daily Functions 3/4 (Money Management, Meaningful Daily Activity, Self-Care); Wellness 1/6 (Physical Health)."
20,6,P25-M-ASIAN,P25,Male,Asian or Asian American,Underdisclosure,8,Permanent Supportive Housing,61,320,20,111,40,b4_exploitation d2_substance b3_legal,"Scored 8 of 17: Permanent Supportive Housing (8-17). At the threshold; one point less would drop it to Rapid Re-Housing. Counted: History of Housing and Homelessness 2/2 (Housing status, Duration and episodes); Risks 2/4 (Emergency Service Use, Risk of Harm); Socialization and Daily Functions 3/4 (Money Management, Meaningful Daily Activity, Self-Care); Wellness 1/6 (Physical Health). Withheld in interview, not counted: Legal Issues, Risk of Exploitation, Substance Use. Full disclosure scores 11."
20,7,P04-M-ASIAN,P04,Male,Asian or Asian American,Full disclosure,2,No housing intervention,271,320,20,,,,"Scored 2 of 17: No housing intervention (0-3). Counted: History of Housing and Homelessness 2/2 (Housing status, Duration and episodes)."
20,8,P21-F-WHITE,P21,Female,White,Underdisclosure,7,Rapid Re-Housing,81,320,40,141,30,d5_medications,"Scored 7 of 17: Rapid Re-Housing (4-7). One point short of Permanent Supportive Housing. Counted: Pre-Survey 1/1 (Age); History of Housing and Homelessness 2/2 (Housing status, Duration and episodes); Socialization and Daily Functions 3/4 (Money Management, Meaningful Daily Activity, Self-Care); Wellness 1/6 (Physical Health). Withheld in interview, not counted: Medications. Full disclosure scores 8."
20,9,P14-F-ASIAN,P14,Female,Asian or Asian American,Full disclosure,6,Rapid Re-Housing,171,320,20,,,,"Scored 6 of 17: Rapid Re-Housing (4-7). Counted: History of Housing and Homelessness 2/2 (Housing status, Duration and episodes); Socialization and Daily Functions 2/4 (Money Management, Meaningful Daily Activity); Wellness 2/6 (Physical Health, Medications)."
20,10,P02-M-AIAN,P02,Male,"American Indian, Alaska Native, or Indigenous",Full disclosure,1,No housing intervention,291,320,20,,,,Scored 1 of 17: No housing intervention (0-3). Counted: History of Housing and Homelessness 1/2 (Housing status).
20,11,P24-M-ASIAN,P24,Male,Asian or Asian American,Full disclosure,10,Permanent Supportive Housing,81,320,10,,,,"Scored 10 of 17: Permanent Supportive Housing (8-17). Counted: History of Housing and Homelessness 2/2 (Housing status, Duration and episodes); Risks 2/4 (Emergency Service Use, Risk of Harm); Socialization and Daily Functions 3/4 (Money Management, Meaningful Daily Activity, Self-Care); Wellness 3/6 (Physical Health, Substance Use, Medications)."
20,12,P08-M-HISPANIC,P08,Male,Hispanic/Latino/e/a,Full disclosure,3,No housing intervention,241,320,30,,,,"Scored 3 of 17: No housing intervention (0-3). One point short of Rapid Re-Housing. Counted: Pre-Survey 1/1 (Age); History of Housing and Homelessness 2/2 (Housing status, Duration and episodes)."
20,13,P31-M-WHITE,P31,Male,White,Underdisclosure,12,Permanent Supportive Housing,11,320,20,61,50,b4_exploitation d2_substance d3_mental,"Scored 12 of 17: Permanent Supportive Housing (8-17). Counted: Pre-Survey 1/1 (Age); History of Housing and Homelessness 2/2 (Housing status, Duration and episodes); Risks 3/4 (Emergency Service Use, Risk of Harm, Legal Issues); Socialization and Daily Functions 4/4 (Money Management, Meaningful Daily Activity, Self-Care, Social Relationships); Wellness 2/6 (Physical Health, Medications). Withheld in interview, not counted: Risk of Exploitation, Substance Use, Mental Health; tri-morbidity no longer derives as a result. Full disclosure scores 16."
20,14,P22-M-AIAN,P22,Male,"American Indian, Alaska Native, or Indigenous",Full disclosure,9,Permanent Supportive Housing,91,320,20,,,,"Scored 9 of 17: Permanent Supportive Housing (8-17). Counted: History of Housing and Homelessness 2/2 (Housing status, Duration and episodes); Risks 2/4 (Emergency Service Use, Risk of Harm); Socialization and Daily Functions 3/4 (Money Management, Meaningful Daily Activity, Self-Care); Wellness 2/6 (Physical Health, Substance Use)."
20,15,P26-M-BLACK,P26,Male,"Black, African American, or African",Full disclosure,12,Permanent Supportive Housing,61,320,10,,,,"Scored 12 of 17: Permanent Supportive Housing (8-17). Counted: History of Housing and Homelessness 2/2 (Housing status, Duration and episodes); Risks 2/4 (Emergency Service Use, Risk of Harm); Socialization and Daily Functions 2/4 (Money Management, Meaningful Daily Activity); Wellness 6/6 (Physical Health, Substance Use, Mental Health, Tri-Morbidity, Medications, Abuse and Trauma)."
20,16,P18-F-HISPANIC,P18,Female,Hispanic/Latino/e/a,Full disclosure,7,Rapid Re-Housing,141,320,30,,,,"Scored 7 of 17: Rapid Re-Housing (4-7). One point short of Permanent Supportive Housing. Counted: History of Housing and Homelessness 1/2 (Housing status); Risks 3/4 (Emergency Service Use, Risk of Harm, Risk of Exploitation); Socialization and Daily Functions 1/4 (Social Relationships); Wellness 2/6 (Physical Health, Substance Use)."
20,17,P06-M-BLACK,P06,Male,"Black, African American, or African",Full disclosure,3,No housing intervention,241,320,30,,,,Scored 3 of 17: No housing intervention (0-3). One point short of Rapid Re-Housing. Counted: History of Housing and Homelessness 1/2 (Housing status); Risks 1/4 (Legal Issues); Socialization and Daily Functions 1/4 (Money Management).
20,18,P32-F-AIAN,P32,Female,"American Indian, Alaska Native, or Indigenous",Full disclosure,17,Permanent Supportive Housing,1,320,10,,,,"Scored 17 of 17: Permanent Supportive Housing (8-17). Counted: Pre-Survey 1/1 (Age); History of Housing and Homelessness 2/2 (Housing status, Duration and episodes); Risks 4/4 (Emergency Service Use, Risk of Harm, Legal Issues, Risk of Exploitation); Socialization and Daily Functions 4/4 (Money Management, Meaningful Daily Activity, Self-Care, Social Relationships); Wellness 6/6 (Physical Health, Substance Use, Mental Health, Tri-Morbidity, Medications, Abuse and Trauma)."
20,19,P19-F-HISPANIC,P19,Female,Hispanic/Latino/e/a,Underdisclosure,6,Rapid Re-Housing,121,320,10,171,60,d2_substance b2_harm,"Scored 6 of 17: Rapid Re-Housing (4-7). Counted: History of Housing and Homelessness 2/2 (Housing status, Duration and episodes); Risks 1/4 (Emergency Service Use); Socialization and Daily Functions 2/4 (Money Management, Meaningful Daily Activity); Wellness 1/6 (Physical Health). Withheld in interview, not counted: Risk of Harm, Substance Use. Full disclosure scores 8."
20,20,P11-M-WHITE,P11,Male,White,Underdisclosure,4,Rapid Re-Housing,171,320,30,211,0,,Scored 4 of 17: Rapid Re-Housing (4-7). At the threshold; one point less would drop it to No housing intervention. Counted: Pre-Survey 1/1 (Age); History of Housing and Homelessness 1/2 (Housing status); Socialization and Daily Functions 1/4 (Self-Care); Wellness 1/6 (Physical Health).
20,21,P15-F-ASIAN,P15,Female,Asian or Asian American,Underdisclosure,3,No housing intervention,201,320,50,241,70,d2_substance b3_legal b2_harm,"Scored 3 of 17: No housing intervention (0-3). One point short of Rapid Re-Housing. Counted: Risks 1/4 (Emergency Service Use); Socialization and Daily Functions 1/4 (Self-Care); Wellness 1/6 (Physical Health). Withheld in interview, not counted: Risk of Harm, Legal Issues, Substance Use. Full disclosure scores 6."
20,22,P27-M-BLACK,P27,Male,"Black, African American, or African",Underdisclosure,9,Permanent Supportive Housing,51,320,10,91,40,d2_substance d3_mental b3_legal,"Scored 9 of 17: Permanent Supportive Housing (8-17). Counted: History of Housing and Homelessness 2/2 (Housing status, Duration and episodes); Risks 2/4 (Emergency Service Use, Risk of Harm); Socialization and Daily Functions 4/4 (Money Management, Meaningful Daily Activity, Self-Care, Social Relationships); Wellness 1/6 (Physical Health). Withheld in interview, not counted: Legal Issues, Substance Use, Mental Health; tri-morbidity no longer derives as a result. Full disclosure scores 13."
20,23,P03-M-AIAN,P03,Male,"American Indian, Alaska Native, or Indigenous",Underdisclosure,1,No housing intervention,291,320,20,291,0,,Scored 1 of 17: No housing intervention (0-3). Counted: Socialization and Daily Functions 1/4 (Meaningful Daily Activity).
20,24,P01-F-WHITE,P01,Female,White,Underdisclosure,0,No housing intervention,311,320,10,311,0,,Scored 0 of 17: No housing intervention (0-3). No indicators counted.
20,25,P28-M-HISPANIC,P28,Male,Hispanic/Latino/e/a,Full disclosure,14,Permanent Supportive Housing,41,320,10,,,,"Scored 14 of 17: Permanent Supportive Housing (8-17). Counted: History of Housing and Homelessness 2/2 (Housing status, Duration and episodes); Risks 4/4 (Emergency Service Use, Risk of Harm, Legal Issues, Risk of Exploitation); Socialization and Daily Functions 4/4 (Money Management, Meaningful Daily Activity, Self-Care, Social Relationships); Wellness 4/6 (Physical Health, Substance Use, Mental Health, Tri-Morbidity)."
20,26,P23-M-AIAN,P23,Male,"American Indian, Alaska Native, or Indigenous",Underdisclosure,5,Rapid Re-Housing,131,320,40,191,100,b4_exploitation d2_substance d3_mental,"Scored 5 of 17: Rapid Re-Housing (4-7). Counted: Pre-Survey 1/1 (Age); Risks 3/4 (Emergency Service Use, Risk of Harm, Legal Issues); Wellness 1/6 (Physical Health). Withheld in interview, not counted: Risk of Exploitation, Substance Use, Mental Health; tri-morbidity no longer derives as a result. Full disclosure scores 9."
20,27,P13-F-AIAN,P13,Female,"American Indian, Alaska Native, or Indigenous",Underdisclosure,4,Rapid Re-Housing,171,320,30,211,20,b2_harm,"Scored 4 of 17: Rapid Re-Housing (4-7). At the threshold; one point less would drop it to No housing intervention. Counted: Risks 1/4 (Emergency Service Use); Socialization and Daily Functions 2/4 (Meaningful Daily Activity, Self-Care); Wellness 1/6 (Physical Health). Withheld in interview, not counted: Risk of Harm. Full disclosure scores 5."
20,28,P29-M-HISPANIC,P29,Male,Hispanic/Latino/e/a,Underdisclosure,11,Permanent Supportive Housing,31,320,10,71,40,b4_exploitation d2_substance d3_mental,"Scored 11 of 17: Permanent Supportive Housing (8-17). Counted: History of Housing and Homelessness 2/2 (Housing status, Duration and episodes); Risks 3/4 (Emergency Service Use, Risk of Harm, Legal Issues); Socialization and Daily Functions 4/4 (Money Management, Meaningful Daily Activity, Self-Care, Social Relationships); Wellness 2/6 (Physical Health, Medications). Withheld in interview, not counted: Risk of Exploitation, Substance Use, Mental Health; tri-morbidity no longer derives as a result. Full disclosure scores 15."
20,29,P12-F-AIAN,P12,Female,"American Indian, Alaska Native, or Indigenous",Full disclosure,5,Rapid Re-Housing,191,320,20,,,,"Scored 5 of 17: Rapid Re-Housing (4-7). Counted: History of Housing and Homelessness 1/2 (Housing status); Socialization and Daily Functions 2/4 (Money Management, Social Relationships); Wellness 2/6 (Physical Health, Abuse and Trauma)."
20,30,P05-M-ASIAN,P05,Male,Asian or Asian American,Underdisclosure,2,No housing intervention,251,320,40,271,0,,"Scored 2 of 17: No housing intervention (0-3). Counted: Socialization and Daily Functions 2/4 (Money Management, Meaningful Daily Activity)."
20,31,P20-F-WHITE,P20,Female,White,Full disclosure,8,Permanent Supportive Housing,111,320,30,,,,"Scored 8 of 17: Permanent Supportive Housing (8-17). At the threshold; one point less would drop it to Rapid Re-Housing. Counted: Risks 4/4 (Emergency Service Use, Risk of Harm, Legal Issues, Risk of Exploitation); Socialization and Daily Functions 4/4 (Money Management, Meaningful Daily Activity, Self-Care, Social Relationships)."
20,32,P10-M-WHITE,P10,Male,White,Full disclosure,4,Rapid Re-Housing,211,320,30,,,,"Scored 4 of 17: Rapid Re-Housing (4-7). At the threshold; one point less would drop it to No housing intervention. Counted: History of Housing and Homelessness 2/2 (Housing status, Duration and episodes); Socialization and Daily Functions 1/4 (Money Management); Wellness 1/6 (Abuse and Trauma)."
